Source,Target,Weight
2023-12-01_1993.txt,2023-12-04_1939.txt,1.0000000000000004
2023-12-03_1954.txt,2023-12-04_1939.txt,1.0000000000000004
2023-11-30_2007.txt,2023-12-04_1939.txt,0.9384609359182496
2023-11-27_2068.txt,2023-12-04_1939.txt,0.8693097234114189
2023-11-25_2097.txt,2023-12-04_1939.txt,0.866412503833609
2023-11-28_2047.txt,2023-12-04_1939.txt,0.864189648224497
2023-11-23_2145.txt,2023-12-04_1939.txt,0.8602603249200639
2023-12-01_1993.txt,2023-12-03_1954.txt,1.0000000000000004
2023-11-30_2007.txt,2023-12-03_1954.txt,0.9384609359182496
2023-11-27_2068.txt,2023-12-03_1954.txt,0.8693097234114189
2023-11-25_2097.txt,2023-12-03_1954.txt,0.866412503833609
2023-11-28_2047.txt,2023-12-03_1954.txt,0.864189648224497
2023-11-23_2145.txt,2023-12-03_1954.txt,0.8602603249200639
2023-12-05_1926.txt,2023-12-19_1690.txt,0.9496529771934968
2023-12-12_1802.txt,2023-12-19_1690.txt,0.8703948263783367
2023-12-09_1850.txt,2023-12-30_1559.txt,0.9502652189705568
2023-12-16_1730.txt,2023-12-30_1559.txt,0.935696339385256
2023-12-23_1638.txt,2023-12-30_1559.txt,0.9322085296610526
2023-12-07_1887.txt,2023-12-14_1769.txt,0.9502652189705568
2023-12-17_1711.txt,2023-12-24_1625.txt,0.8576251598491429
2023-12-06_1903.txt,2023-12-13_1786.txt,0.8929091320791781
2023-11-13_2373.txt,2023-12-13_1786.txt,0.8399524255345521
2023-12-06_1903.txt,2023-12-20_1679.txt,0.8880611231552593
2023-12-13_1786.txt,2023-12-20_1679.txt,0.8799354582288909
2023-11-20_2218.txt,2023-12-20_1679.txt,0.8418486363342368
2023-12-11_1819.txt,2023-12-25_1615.txt,0.8723193641211265
2023-12-07_1887.txt,2023-12-21_1667.txt,0.8918871259581844
2023-12-14_1769.txt,2023-12-21_1667.txt,0.9385665266423044
2023-11-21_2192.txt,2023-12-21_1667.txt,0.8334378001835591
2023-12-08_1870.txt,2023-12-22_1650.txt,0.8876689492728651
2023-11-22_2173.txt,2023-12-22_1650.txt,0.8366729728622612
2023-12-15_1750.txt,2023-12-22_1650.txt,0.8304784126040212
2023-12-09_1850.txt,2023-12-16_1730.txt,0.8891596868358783
2023-11-16_2301.txt,2023-12-16_1730.txt,0.8345558440607985
2023-12-09_1850.txt,2023-12-23_1638.txt,0.8858453425645809
2023-12-16_1730.txt,2023-12-23_1638.txt,0.8722641087475588
2023-12-08_1870.txt,2023-12-15_1750.txt,0.8444437250324801
2024-02-25_957.txt,2024-03-31_203.txt,1.0
2024-01-21_1329.txt,2024-03-31_203.txt,1.0
2024-01-14_1405.txt,2024-03-31_203.txt,1.0
2024-02-18_1049.txt,2024-03-31_203.txt,1.0
2024-02-04_1183.txt,2024-03-31_203.txt,0.927309522126282
2024-01-07_1480.txt,2024-03-31_203.txt,0.9254077840721856
2024-01-28_1248.txt,2024-03-31_203.txt,0.9114628227452513
2024-01-21_1329.txt,2024-02-25_957.txt,1.0
2024-01-14_1405.txt,2024-02-25_957.txt,1.0
2024-02-18_1049.txt,2024-02-25_957.txt,1.0
2024-02-04_1183.txt,2024-02-25_957.txt,0.927309522126282
2024-01-07_1480.txt,2024-02-25_957.txt,0.9254077840721856
2024-01-28_1248.txt,2024-02-25_957.txt,0.9114628227452513
2024-01-21_1329.txt,2024-02-18_1049.txt,1.0
2024-01-14_1405.txt,2024-02-18_1049.txt,1.0
2024-02-04_1183.txt,2024-02-18_1049.txt,0.927309522126282
2024-01-07_1480.txt,2024-02-18_1049.txt,0.9254077840721856
2024-01-28_1248.txt,2024-02-18_1049.txt,0.9114628227452513
2024-01-14_1405.txt,2024-01-21_1329.txt,1.0
2024-01-07_1480.txt,2024-01-21_1329.txt,0.9254077840721856
2024-01-07_1480.txt,2024-01-14_1405.txt,0.9254077840721856
2024-02-14_1091.txt,2024-03-27_246.txt,1.0
2024-01-31_1221.txt,2024-03-27_246.txt,1.0
2024-01-17_1370.txt,2024-03-27_246.txt,1.0
2024-03-06_846.txt,2024-03-27_246.txt,0.9392072411938738
2024-02-07_1162.txt,2024-03-27_246.txt,0.9355661819261408
2024-01-10_1456.txt,2024-03-27_246.txt,0.9246067349717114
2024-02-28_919.txt,2024-03-27_246.txt,0.9212937214146164
2024-01-24_1295.txt,2024-03-27_246.txt,0.9193838631947764
2024-03-14_358.txt,2024-03-27_246.txt,0.8415571322218837
2024-01-31_1221.txt,2024-02-14_1091.txt,1.0
2024-01-17_1370.txt,2024-02-14_1091.txt,1.0
2024-02-07_1162.txt,2024-02-14_1091.txt,0.9355661819261408
2024-01-10_1456.txt,2024-02-14_1091.txt,0.9246067349717114
2024-01-24_1295.txt,2024-02-14_1091.txt,0.9193838631947764
2024-02-14_1091.txt,2024-04-17_17.txt,1.0
2024-03-27_246.txt,2024-04-17_17.txt,1.0
2024-01-31_1221.txt,2024-04-17_17.txt,1.0
2024-01-17_1370.txt,2024-04-17_17.txt,1.0
2024-03-06_846.txt,2024-04-17_17.txt,0.9392072411938738
2024-04-04_153.txt,2024-04-17_17.txt,0.937118602692235
2024-02-07_1162.txt,2024-04-17_17.txt,0.9355661819261408
2024-01-10_1456.txt,2024-04-17_17.txt,0.9246067349717114
2024-02-28_919.txt,2024-04-17_17.txt,0.9212937214146164
2024-01-24_1295.txt,2024-04-17_17.txt,0.9193838631947764
2024-03-14_358.txt,2024-04-17_17.txt,0.8415571322218837
2024-04-10_81.txt,2024-04-17_17.txt,0.839935986203695
2024-01-17_1370.txt,2024-01-31_1221.txt,1.0
2024-01-10_1456.txt,2024-01-31_1221.txt,0.9246067349717114
2024-01-24_1295.txt,2024-01-31_1221.txt,0.9193838631947764
2024-01-10_1456.txt,2024-01-17_1370.txt,0.9246067349717114
2024-02-27_934.txt,2024-03-26_254.txt,1.0000000000000002
2024-01-30_1226.txt,2024-03-26_254.txt,1.0000000000000002
2024-01-16_1382.txt,2024-03-26_254.txt,1.0000000000000002
2024-03-05_856.txt,2024-03-26_254.txt,0.939667046880136
2024-02-06_1170.txt,2024-03-26_254.txt,0.9360507465514124
2024-01-23_1304.txt,2024-03-26_254.txt,0.9291915624085324
2024-02-20_1012.txt,2024-03-26_254.txt,0.9279474645647
2024-01-16_1382.txt,2024-01-30_1226.txt,1.0000000000000002
2024-01-23_1304.txt,2024-01-30_1226.txt,0.9291915624085324
2024-01-30_1226.txt,2024-02-27_934.txt,1.0000000000000002
2024-01-16_1382.txt,2024-02-27_934.txt,1.0000000000000002
2024-02-06_1170.txt,2024-02-27_934.txt,0.9360507465514124
2024-01-23_1304.txt,2024-02-27_934.txt,0.9291915624085324
2024-02-20_1012.txt,2024-02-27_934.txt,0.9279474645647
2024-02-27_934.txt,2024-04-16_23.txt,1.0000000000000002
2024-01-30_1226.txt,2024-04-16_23.txt,1.0000000000000002
2024-01-16_1382.txt,2024-04-16_23.txt,1.0000000000000002
2024-03-26_254.txt,2024-04-16_23.txt,1.0000000000000002
2024-03-05_856.txt,2024-04-16_23.txt,0.939667046880136
2024-02-06_1170.txt,2024-04-16_23.txt,0.9360507465514124
2024-01-23_1304.txt,2024-04-16_23.txt,0.9291915624085324
2024-02-20_1012.txt,2024-04-16_23.txt,0.9279474645647
2024-02-25_957.txt,2024-04-07_116.txt,0.9290385426962448
2024-01-21_1329.txt,2024-04-07_116.txt,0.9290385426962448
2024-01-14_1405.txt,2024-04-07_116.txt,0.9290385426962448
2024-02-18_1049.txt,2024-04-07_116.txt,0.9290385426962448
2024-03-31_203.txt,2024-04-07_116.txt,0.9290385426962448
2024-02-04_1183.txt,2024-04-07_116.txt,0.8615062870645525
2024-01-07_1480.txt,2024-04-07_116.txt,0.8597394991141849
2024-01-28_1248.txt,2024-04-07_116.txt,0.8467840925650542
2024-01-21_1329.txt,2024-02-04_1183.txt,0.927309522126282
2024-01-14_1405.txt,2024-02-04_1183.txt,0.927309522126282
2024-01-07_1480.txt,2024-02-04_1183.txt,0.8581394500199201
2024-01-28_1248.txt,2024-02-04_1183.txt,0.8452081545957711
2024-01-12_1429.txt,2024-01-19_1351.txt,0.927211953949209
2024-01-19_1351.txt,2024-02-23_977.txt,1.0
2024-01-26_1275.txt,2024-02-23_977.txt,0.9431125751758156
2024-02-02_1201.txt,2024-02-23_977.txt,0.936583392786222
2024-01-12_1429.txt,2024-02-23_977.txt,0.927211953949209
2024-01-15_1394.txt,2024-01-29_1237.txt,0.927211953949209
2024-01-22_1317.txt,2024-01-29_1237.txt,1.0
2024-01-15_1394.txt,2024-02-19_1031.txt,0.927211953949209
2024-01-29_1237.txt,2024-02-19_1031.txt,1.0
2024-01-22_1317.txt,2024-02-19_1031.txt,1.0
2024-02-05_1175.txt,2024-02-19_1031.txt,0.936583392786222
2024-02-12_1118.txt,2024-02-19_1031.txt,0.927211953949209
2024-01-15_1394.txt,2024-01-22_1317.txt,0.927211953949209
2024-03-01_894.txt,2024-03-29_220.txt,0.940172432298406
2024-02-23_977.txt,2024-03-29_220.txt,1.0
2024-01-19_1351.txt,2024-03-29_220.txt,1.0
2024-01-26_1275.txt,2024-03-29_220.txt,0.9431125751758156
2024-03-08_819.txt,2024-03-29_220.txt,0.940172432298406
2024-02-02_1201.txt,2024-03-29_220.txt,0.936583392786222
2024-01-12_1429.txt,2024-03-29_220.txt,0.927211953949209
2024-01-04_1505.txt,2024-01-11_1444.txt,0.9351933199204724
2024-01-25_1284.txt,2024-02-22_989.txt,1.0000000000000002
2024-01-18_1360.txt,2024-02-22_989.txt,1.0000000000000002
2024-01-11_1444.txt,2024-02-22_989.txt,1.0000000000000002
2024-02-01_1211.txt,2024-02-22_989.txt,0.9368708760260598
2024-01-04_1505.txt,2024-02-22_989.txt,0.9351933199204724
2024-02-15_1072.txt,2024-02-22_989.txt,0.8304964297344873
2024-01-18_1360.txt,2024-01-25_1284.txt,1.0000000000000002
2024-01-11_1444.txt,2024-01-25_1284.txt,1.0000000000000002
2024-01-04_1505.txt,2024-01-25_1284.txt,0.9351933199204724
2024-01-27_1257.txt,2024-03-30_214.txt,1.0000000000000002
2024-03-16_343.txt,2024-03-30_214.txt,0.844611196028
2024-03-02_885.txt,2024-03-30_214.txt,0.9404451825074212
2024-03-09_810.txt,2024-03-30_214.txt,0.9404451825074212
2024-02-03_1189.txt,2024-03-30_214.txt,0.9368708760260598
2024-01-06_1490.txt,2024-03-30_214.txt,0.9351933199204724
2024-01-20_1339.txt,2024-03-30_214.txt,0.9288598289485808
2024-01-13_1413.txt,2024-03-30_214.txt,0.926107430187622
2024-02-24_965.txt,2024-03-30_214.txt,0.8610332060773734
2024-03-23_277.txt,2024-03-30_214.txt,0.844611196028
2024-01-11_1444.txt,2024-01-18_1360.txt,1.0000000000000002
2024-01-04_1505.txt,2024-01-18_1360.txt,0.9351933199204724
2024-01-25_1284.txt,2024-04-11_71.txt,1.0000000000000002
2024-01-18_1360.txt,2024-04-11_71.txt,1.0000000000000002
2024-01-11_1444.txt,2024-04-11_71.txt,1.0000000000000002
2024-02-22_989.txt,2024-04-11_71.txt,1.0000000000000002
2024-03-07_832.txt,2024-04-11_71.txt,0.9404451825074212
2024-02-01_1211.txt,2024-04-11_71.txt,0.9368708760260598
2024-01-04_1505.txt,2024-04-11_71.txt,0.9351933199204724
2024-03-28_234.txt,2024-04-11_71.txt,0.9228522211589376
2024-03-21_300.txt,2024-04-11_71.txt,0.844611196028
2024-02-15_1072.txt,2024-04-11_71.txt,0.8304964297344873
2024-01-06_1490.txt,2024-01-27_1257.txt,0.9351933199204724
2024-01-20_1339.txt,2024-01-27_1257.txt,0.9288598289485808
2024-01-13_1413.txt,2024-01-27_1257.txt,0.926107430187622
2024-01-21_1329.txt,2024-01-28_1248.txt,0.9114628227452513
2024-01-14_1405.txt,2024-01-28_1248.txt,0.9114628227452513
2024-01-07_1480.txt,2024-01-28_1248.txt,0.8434747910608625
2024-03-10_399.txt,2024-03-17_334.txt,0.8825618122670772
2024-03-17_338.txt,2024-03-23_278.txt,1.0000000000000004
2024-03-16_344.txt,2024-03-23_278.txt,0.9774918563694251
2024-03-22_289.txt,2024-03-23_278.txt,0.902275724668934
2024-03-20_313.txt,2024-03-23_278.txt,0.9312575078880938
2024-03-12_381.txt,2024-03-23_278.txt,0.963087062849196
2024-03-17_338.txt,2024-03-27_248.txt,1.0000000000000004
2024-03-23_278.txt,2024-03-27_248.txt,1.0000000000000004
2024-03-16_344.txt,2024-03-27_248.txt,0.9774918563694251
2024-03-22_289.txt,2024-03-27_248.txt,0.902275724668934
2024-03-20_313.txt,2024-03-27_248.txt,0.9312575078880938
2024-03-12_381.txt,2024-03-27_248.txt,0.963087062849196
2024-03-25_267.txt,2024-03-27_248.txt,0.8716727690297942
2024-03-26_257.txt,2024-03-27_248.txt,0.849253539423493
2024-03-17_338.txt,2024-03-29_225.txt,1.0000000000000004
2024-03-27_248.txt,2024-03-29_225.txt,1.0000000000000004
2024-03-23_278.txt,2024-03-29_225.txt,1.0000000000000004
2024-03-16_344.txt,2024-03-29_225.txt,0.9774918563694251
2024-03-22_289.txt,2024-03-29_225.txt,0.902275724668934
2024-03-20_313.txt,2024-03-29_225.txt,0.9312575078880938
2024-03-12_381.txt,2024-03-29_225.txt,0.963087062849196
2024-03-28_237.txt,2024-03-29_225.txt,0.8825089549437722
2024-03-25_267.txt,2024-03-29_225.txt,0.8716727690297942
2024-03-26_257.txt,2024-03-29_225.txt,0.849253539423493
2024-03-17_338.txt,2024-04-05_143.txt,0.9707640365325956
2024-03-27_248.txt,2024-04-05_143.txt,0.9707640365325956
2024-03-23_278.txt,2024-04-05_143.txt,0.9707640365325956
2024-03-30_616.txt,2024-04-05_143.txt,0.9327705209584146
2024-03-16_344.txt,2024-04-05_143.txt,0.948913940166923
2024-03-22_289.txt,2024-04-05_143.txt,0.875896824544987
2024-03-29_225.txt,2024-04-05_143.txt,0.9707640365325956
2024-03-20_313.txt,2024-04-05_143.txt,0.904031297408731
2024-03-12_381.txt,2024-04-05_143.txt,0.9349302846638068
2024-03-28_237.txt,2024-04-05_143.txt,0.8567079553773784
2024-04-03_165.txt,2024-04-05_143.txt,0.9414555150389138
2024-03-25_267.txt,2024-04-05_143.txt,0.8461885757989073
2024-03-31_207.txt,2024-04-05_143.txt,0.9239026565539172
2024-04-02_184.txt,2024-04-05_143.txt,0.9134048873448576
2024-04-01_196.txt,2024-04-05_143.txt,0.9130376158813908
2024-04-04_157.txt,2024-04-05_143.txt,0.901064529591706
2024-03-17_338.txt,2024-04-03_165.txt,0.9698088099777916
2024-03-27_248.txt,2024-04-03_165.txt,0.9698088099777916
2024-03-23_278.txt,2024-04-03_165.txt,0.9698088099777916
2024-03-30_616.txt,2024-04-03_165.txt,0.931852679817183
2024-03-16_344.txt,2024-04-03_165.txt,0.9479802139886144
2024-03-22_289.txt,2024-04-03_165.txt,0.8750349468130283
2024-03-29_225.txt,2024-04-03_165.txt,0.9698088099777916
2024-03-20_313.txt,2024-04-03_165.txt,0.9031417355078356
2024-03-12_381.txt,2024-04-03_165.txt,0.934010318326785
2024-03-28_237.txt,2024-04-03_165.txt,0.855864959388764
2024-03-25_267.txt,2024-04-03_165.txt,0.8453559308228306
2024-03-31_207.txt,2024-04-03_165.txt,0.922993541343236
2024-04-02_184.txt,2024-04-03_165.txt,0.9125061018822276
2024-04-01_196.txt,2024-04-03_165.txt,0.912139191811892
2024-03-17_338.txt,2024-04-09_94.txt,0.9626785685730612
2024-03-27_248.txt,2024-04-09_94.txt,0.9626785685730612
2024-03-23_278.txt,2024-04-09_94.txt,0.9626785685730612
2024-03-30_616.txt,2024-04-09_94.txt,0.9250014999842284
2024-04-07_120.txt,2024-04-09_94.txt,0.9817989380027058
2024-03-16_344.txt,2024-04-09_94.txt,0.9410104610815424
2024-03-22_289.txt,2024-04-09_94.txt,0.8686015030825107
2024-03-29_225.txt,2024-04-09_94.txt,0.9626785685730612
2024-03-20_313.txt,2024-04-09_94.txt,0.967360797559312
2024-03-12_381.txt,2024-04-09_94.txt,0.927143275074898
2024-03-28_237.txt,2024-04-09_94.txt,0.8495724574981786
2024-04-03_165.txt,2024-04-09_94.txt,0.9336141569789644
2024-03-25_267.txt,2024-04-09_94.txt,0.8391406935537186
2024-04-05_143.txt,2024-04-09_94.txt,0.934533733111406
2024-04-06_126.txt,2024-04-09_94.txt,0.9250014999842284
2024-04-08_107.txt,2024-04-09_94.txt,0.9245127653764252
2024-03-31_207.txt,2024-04-09_94.txt,0.9162074957875818
2024-04-02_184.txt,2024-04-09_94.txt,0.905797162220338
2024-04-01_196.txt,2024-04-09_94.txt,0.9054329497511672
2024-04-04_157.txt,2024-04-09_94.txt,0.8935595869802043
2024-03-26_257.txt,2024-04-09_94.txt,0.8821776729509065
2024-03-17_338.txt,2024-04-17_18.txt,0.961809800796348
2024-03-27_248.txt,2024-04-17_18.txt,0.961809800796348
2024-03-23_278.txt,2024-04-17_18.txt,0.961809800796348
2024-03-30_616.txt,2024-04-17_18.txt,0.9241667338194544
2024-04-07_120.txt,2024-04-17_18.txt,0.9090610699350268
2024-03-16_344.txt,2024-04-17_18.txt,0.9401612476547287
2024-03-22_289.txt,2024-04-17_18.txt,0.8678176350072073
2024-03-29_225.txt,2024-04-17_18.txt,0.961809800796348
2024-03-20_313.txt,2024-04-17_18.txt,0.8956925981519502
2024-03-12_381.txt,2024-04-17_18.txt,0.9263065760685248
2024-03-28_237.txt,2024-04-17_18.txt,0.848805762155462
2024-04-03_165.txt,2024-04-17_18.txt,0.9327716183352824
2024-03-25_267.txt,2024-04-17_18.txt,0.8383834123401466
2024-04-05_143.txt,2024-04-17_18.txt,0.9336903645976738
2024-04-09_94.txt,2024-04-17_18.txt,0.9259136822701692
2024-04-06_126.txt,2024-04-17_18.txt,0.9241667338194544
2024-04-08_107.txt,2024-04-17_18.txt,0.9236784402694378
2024-03-31_207.txt,2024-04-17_18.txt,0.9153806657582156
2024-04-02_184.txt,2024-04-17_18.txt,0.904979726980306
2024-04-01_196.txt,2024-04-17_18.txt,0.9046158431941111
2024-04-04_157.txt,2024-04-17_18.txt,0.8927531955209113
2024-04-16_25.txt,2024-04-17_18.txt,0.8892269610380674
2024-04-15_35.txt,2024-04-17_18.txt,0.8791901913437069
2024-03-17_338.txt,2024-03-30_616.txt,0.9608622547350568
2024-03-27_248.txt,2024-03-30_616.txt,0.9608622547350568
2024-03-23_278.txt,2024-03-30_616.txt,0.9608622547350568
2024-03-16_344.txt,2024-03-30_616.txt,0.939235029096282
2024-03-22_289.txt,2024-03-30_616.txt,0.8669626871980989
2024-03-29_225.txt,2024-03-30_616.txt,0.9608622547350568
2024-03-20_313.txt,2024-03-30_616.txt,0.8948101887683033
2024-03-12_381.txt,2024-03-30_616.txt,0.9253940067154416
2024-03-28_237.txt,2024-03-30_616.txt,0.8479695442711512
2024-03-25_267.txt,2024-03-30_616.txt,0.837557462241118
2024-03-17_338.txt,2024-04-06_126.txt,0.9608622547350568
2024-03-27_248.txt,2024-04-06_126.txt,0.9608622547350568
2024-03-23_278.txt,2024-04-06_126.txt,0.9608622547350568
2024-03-30_616.txt,2024-04-06_126.txt,1.0
2024-03-16_344.txt,2024-04-06_126.txt,0.939235029096282
2024-03-22_289.txt,2024-04-06_126.txt,0.8669626871980989
2024-03-29_225.txt,2024-04-06_126.txt,0.9608622547350568
2024-03-20_313.txt,2024-04-06_126.txt,0.8948101887683033
2024-03-12_381.txt,2024-04-06_126.txt,0.9253940067154416
2024-03-28_237.txt,2024-04-06_126.txt,0.8479695442711512
2024-04-03_165.txt,2024-04-06_126.txt,0.931852679817183
2024-03-25_267.txt,2024-04-06_126.txt,0.837557462241118
2024-04-05_143.txt,2024-04-06_126.txt,0.9327705209584146
2024-03-31_207.txt,2024-04-06_126.txt,0.9144788602830553
2024-04-02_184.txt,2024-04-06_126.txt,0.9040881681969184
2024-04-01_196.txt,2024-04-06_126.txt,0.903724642898075
2024-04-04_157.txt,2024-04-06_126.txt,0.8918736819482483
2024-03-17_338.txt,2024-04-08_107.txt,0.9603545727072672
2024-03-27_248.txt,2024-04-08_107.txt,0.9603545727072672
2024-03-23_278.txt,2024-04-08_107.txt,0.9603545727072672
2024-03-30_616.txt,2024-04-08_107.txt,0.9227684600766264
2024-04-07_120.txt,2024-04-08_107.txt,0.9076856512165192
2024-03-16_344.txt,2024-04-08_107.txt,0.9387387740484922
2024-03-22_289.txt,2024-04-08_107.txt,0.8665046180285731
2024-03-29_225.txt,2024-04-08_107.txt,0.9603545727072672
2024-03-20_313.txt,2024-04-08_107.txt,0.8943374060683043
2024-03-12_381.txt,2024-04-08_107.txt,0.924905064722436
2024-03-28_237.txt,2024-04-08_107.txt,0.8475215103353625
2024-04-03_165.txt,2024-04-08_107.txt,0.9313603253139644
2024-03-25_267.txt,2024-04-08_107.txt,0.8371149296421676
2024-04-05_143.txt,2024-04-08_107.txt,0.932277681503842
2024-04-06_126.txt,2024-04-08_107.txt,0.9227684600766264
2024-03-31_207.txt,2024-04-08_107.txt,0.9139956854264384
2024-04-02_184.txt,2024-04-08_107.txt,0.9036104833755304
2024-04-01_196.txt,2024-04-08_107.txt,0.9032471501492348
2024-04-04_157.txt,2024-04-08_107.txt,0.8914024507835805
2024-03-17_338.txt,2024-03-31_207.txt,0.9517273217639388
2024-03-27_248.txt,2024-03-31_207.txt,0.9517273217639388
2024-03-23_278.txt,2024-03-31_207.txt,0.9517273217639388
2024-03-30_616.txt,2024-03-31_207.txt,0.9144788602830553
2024-03-16_344.txt,2024-03-31_207.txt,0.9303057065085336
2024-03-22_289.txt,2024-03-31_207.txt,0.8587204589317813
2024-03-29_225.txt,2024-03-31_207.txt,0.9517273217639388
2024-03-20_313.txt,2024-03-31_207.txt,0.8863032138548953
2024-03-12_381.txt,2024-03-31_207.txt,0.9165962709509632
2024-03-28_237.txt,2024-03-31_207.txt,0.8399078841213284
2024-03-25_267.txt,2024-03-31_207.txt,0.8295947899232821
2024-03-17_338.txt,2024-04-07_120.txt,0.945156796262997
2024-03-27_248.txt,2024-04-07_120.txt,0.945156796262997
2024-03-23_278.txt,2024-04-07_120.txt,0.945156796262997
2024-03-30_616.txt,2024-04-07_120.txt,0.9081654903354256
2024-03-16_344.txt,2024-04-07_120.txt,0.9238830713392951
2024-03-22_289.txt,2024-04-07_120.txt,0.8527920332739632
2024-03-29_225.txt,2024-04-07_120.txt,0.945156796262997
2024-03-20_313.txt,2024-04-07_120.txt,0.9497538037091832
2024-03-12_381.txt,2024-04-07_120.txt,0.9102682828448851
2024-03-28_237.txt,2024-04-07_120.txt,0.8341093365280607
2024-04-03_165.txt,2024-04-07_120.txt,0.9166213878262386
2024-04-05_143.txt,2024-04-07_120.txt,0.9175242266964824
2024-04-06_126.txt,2024-04-07_120.txt,0.9081654903354256
2024-03-31_207.txt,2024-04-07_120.txt,0.8995315463543668
2024-04-02_184.txt,2024-04-07_120.txt,0.8893106919137932
2024-04-01_196.txt,2024-04-07_120.txt,0.8889531084983535
2024-04-04_157.txt,2024-04-07_120.txt,0.8772958535393014
2024-03-26_257.txt,2024-04-07_120.txt,0.8985319079133851
2024-03-17_338.txt,2024-04-02_184.txt,0.940913397046913
2024-03-27_248.txt,2024-04-02_184.txt,0.940913397046913
2024-03-23_278.txt,2024-04-02_184.txt,0.940913397046913
2024-03-30_616.txt,2024-04-02_184.txt,0.9040881681969184
2024-03-16_344.txt,2024-04-02_184.txt,0.9197351831622484
2024-03-22_289.txt,2024-04-02_184.txt,0.8489633171712115
2024-03-29_225.txt,2024-04-02_184.txt,0.940913397046913
2024-03-20_313.txt,2024-04-02_184.txt,0.8762326652724283
2024-03-12_381.txt,2024-04-02_184.txt,0.9061815199573702
2024-03-28_237.txt,2024-04-02_184.txt,0.8303644987204652
2024-03-31_207.txt,2024-04-02_184.txt,0.8954929873832678
2024-04-01_196.txt,2024-04-02_184.txt,0.884962042742225
2024-03-17_338.txt,2024-04-01_196.txt,0.9405350646719532
2024-03-27_248.txt,2024-04-01_196.txt,0.9405350646719532
2024-03-23_278.txt,2024-04-01_196.txt,0.9405350646719532
2024-03-30_616.txt,2024-04-01_196.txt,0.903724642898075
2024-03-16_344.txt,2024-04-01_196.txt,0.9193653663467248
2024-03-22_289.txt,2024-04-01_196.txt,0.8486219570534292
2024-03-29_225.txt,2024-04-01_196.txt,0.9405350646719532
2024-03-20_313.txt,2024-04-01_196.txt,0.8758803404077697
2024-03-12_381.txt,2024-04-01_196.txt,0.9058171529415898
2024-03-28_237.txt,2024-04-01_196.txt,0.8300306170116182
2024-03-31_207.txt,2024-04-01_196.txt,0.8951329181253107
2024-03-17_338.txt,2024-03-20_313.txt,0.9312575078880938
2024-03-16_344.txt,2024-03-20_313.txt,0.9102966301434968
2024-03-12_381.txt,2024-03-20_313.txt,0.8968820580282059
2024-03-17_338.txt,2024-04-04_157.txt,0.9282013915659214
2024-03-27_248.txt,2024-04-04_157.txt,0.9282013915659214
2024-03-23_278.txt,2024-04-04_157.txt,0.9282013915659214
2024-03-30_616.txt,2024-04-04_157.txt,0.8918736819482483
2024-03-16_344.txt,2024-04-04_157.txt,0.9073093013264562
2024-03-22_289.txt,2024-04-04_157.txt,0.9720689204599774
2024-03-29_225.txt,2024-04-04_157.txt,0.9282013915659214
2024-03-20_313.txt,2024-04-04_157.txt,0.8643945147279403
2024-03-12_381.txt,2024-04-04_157.txt,0.8939387519357596
2024-03-28_237.txt,2024-04-04_157.txt,0.9507731435900312
2024-04-03_165.txt,2024-04-04_157.txt,0.9001778869742761
2024-03-25_267.txt,2024-04-04_157.txt,0.9390987526524164
2024-03-31_207.txt,2024-04-04_157.txt,0.8833946244525953
2024-04-02_184.txt,2024-04-04_157.txt,0.8733571244819622
2024-04-01_196.txt,2024-04-04_157.txt,0.8730059558450506
2024-03-17_338.txt,2024-04-16_25.txt,0.9245351422930148
2024-03-27_248.txt,2024-04-16_25.txt,0.9245351422930148
2024-03-23_278.txt,2024-04-16_25.txt,0.9245351422930148
2024-03-30_616.txt,2024-04-16_25.txt,0.8883509214054629
2024-04-07_120.txt,2024-04-16_25.txt,0.8738306731222195
2024-03-16_344.txt,2024-04-16_25.txt,0.9037255725187698
2024-03-22_289.txt,2024-04-16_25.txt,0.8341856154943257
2024-03-29_225.txt,2024-04-16_25.txt,0.9245351422930148
2024-03-20_313.txt,2024-04-16_25.txt,0.860980292566757
2024-03-12_381.txt,2024-04-16_25.txt,0.8904078346918428
2024-04-03_165.txt,2024-04-16_25.txt,0.8966223261298367
2024-04-05_143.txt,2024-04-16_25.txt,0.8975054666486044
2024-04-09_94.txt,2024-04-16_25.txt,0.890030167378131
2024-04-06_126.txt,2024-04-16_25.txt,0.8883509214054629
2024-04-08_107.txt,2024-04-16_25.txt,0.8878815515296603
2024-03-31_207.txt,2024-04-16_25.txt,0.879905354851173
2024-04-02_184.txt,2024-04-16_25.txt,0.8699075014241714
2024-04-01_196.txt,2024-04-16_25.txt,0.8695577198480541
2024-04-04_157.txt,2024-04-16_25.txt,0.8581548056279733
2024-04-15_35.txt,2024-04-16_25.txt,0.8451174317246192
2024-03-17_338.txt,2024-04-15_35.txt,0.914099846576491
2024-03-27_248.txt,2024-04-15_35.txt,0.914099846576491
2024-03-23_278.txt,2024-04-15_35.txt,0.914099846576491
2024-03-30_616.txt,2024-04-15_35.txt,0.8783240396344566
2024-04-07_120.txt,2024-04-15_35.txt,0.8639676824547331
2024-03-16_344.txt,2024-04-15_35.txt,0.8935251559370609
2024-03-29_225.txt,2024-04-15_35.txt,0.914099846576491
2024-03-20_313.txt,2024-04-15_35.txt,0.8512623450837118
2024-03-12_381.txt,2024-04-15_35.txt,0.8803577363902534
2024-04-03_165.txt,2024-04-15_35.txt,0.8865020844092288
2024-04-05_143.txt,2024-04-15_35.txt,0.8873752568564206
2024-04-09_94.txt,2024-04-15_35.txt,0.8799843318351113
2024-04-06_126.txt,2024-04-15_35.txt,0.8783240396344566
2024-04-08_107.txt,2024-04-15_35.txt,0.8778599675707441
2024-03-31_207.txt,2024-04-15_35.txt,0.8699737988070712
2024-04-02_184.txt,2024-04-15_35.txt,0.8600887918823479
2024-04-01_196.txt,2024-04-15_35.txt,0.8597429583164424
2024-04-04_157.txt,2024-04-15_35.txt,0.848468749622494
2024-03-17_338.txt,2024-03-22_289.txt,0.902275724668934
2024-03-16_344.txt,2024-03-22_289.txt,0.8819671730637046
2024-03-20_313.txt,2024-03-22_289.txt,0.8402510427831149
2024-03-12_381.txt,2024-03-22_289.txt,0.8689700775515333
2024-03-17_338.txt,2024-03-28_237.txt,0.8825089549437722
2024-03-27_248.txt,2024-03-28_237.txt,0.8825089549437722
2024-03-23_278.txt,2024-03-28_237.txt,0.8825089549437722
2024-03-16_344.txt,2024-03-28_237.txt,0.8626453166306289
2024-03-22_289.txt,2024-03-28_237.txt,0.9242170232919004
2024-03-12_381.txt,2024-03-28_237.txt,0.8499329573549107
2024-03-25_267.txt,2024-03-28_237.txt,0.8928698732008149
2024-03-17_338.txt,2024-03-25_267.txt,0.8716727690297942
2024-03-23_278.txt,2024-03-25_267.txt,0.8716727690297942
2024-03-16_344.txt,2024-03-25_267.txt,0.85205303314561
2024-03-22_289.txt,2024-03-25_267.txt,0.912868710696146
2024-03-12_381.txt,2024-03-25_267.txt,0.8394967668905298
2024-03-17_338.txt,2024-03-26_257.txt,0.849253539423493
2024-03-23_278.txt,2024-03-26_257.txt,0.849253539423493
2024-03-16_344.txt,2024-03-26_257.txt,0.8301384187793748
2024-03-20_313.txt,2024-03-26_257.txt,0.8533840972948068
2024-04-11_73.txt,2024-04-12_65.txt,0.9128945063612048
2024-04-12_65.txt,2024-04-13_54.txt,0.8995105703394513
2024-04-11_73.txt,2024-04-13_54.txt,0.8317131077136156
2024-03-07_834.txt,2024-04-08_103.txt,0.8608931913525288
2024-01-27_1257.txt,2024-03-09_810.txt,0.9404451825074212
2024-03-02_885.txt,2024-03-09_810.txt,1.0
2024-02-03_1189.txt,2024-03-09_810.txt,0.8810757019902151
2024-01-06_1490.txt,2024-03-09_810.txt,0.8794980524323296
2024-01-20_1339.txt,2024-03-09_810.txt,0.8735417513593602
2024-01-13_1413.txt,2024-03-09_810.txt,0.870953271204277
2024-01-27_1257.txt,2024-03-02_885.txt,0.9404451825074212
2024-02-03_1189.txt,2024-03-02_885.txt,0.8810757019902151
2024-01-06_1490.txt,2024-03-02_885.txt,0.8794980524323296
2024-01-20_1339.txt,2024-03-02_885.txt,0.8735417513593602
2024-01-13_1413.txt,2024-03-02_885.txt,0.870953271204277
2024-01-27_1257.txt,2024-04-06_125.txt,0.9383949358738164
2024-03-02_885.txt,2024-04-06_125.txt,0.8825089967318913
2024-03-09_810.txt,2024-04-06_125.txt,0.8825089967318913
2024-03-30_214.txt,2024-04-06_125.txt,0.9383949358738164
2024-02-03_1189.txt,2024-04-06_125.txt,0.8791548856305205
2024-01-06_1490.txt,2024-04-06_125.txt,0.8775806754763932
2024-01-20_1339.txt,2024-04-06_125.txt,0.8716373596219679
2024-01-13_1413.txt,2024-04-06_125.txt,0.8690545225631786
2024-01-27_1257.txt,2024-02-03_1189.txt,0.9368708760260598
2024-01-06_1490.txt,2024-02-03_1189.txt,0.8761553848876118
2024-01-20_1339.txt,2024-02-03_1189.txt,0.8702217216524728
2024-01-13_1413.txt,2024-02-03_1189.txt,0.8676430794141201
2024-01-27_1257.txt,2024-02-24_965.txt,0.8610332060773734
2024-01-27_1257.txt,2024-03-23_277.txt,0.844611196028
2024-03-16_343.txt,2024-03-23_277.txt,1.0
2024-01-27_1257.txt,2024-03-16_343.txt,0.844611196028
2024-02-14_1091.txt,2024-03-06_846.txt,0.9392072411938738
2024-01-31_1221.txt,2024-03-06_846.txt,0.9392072411938738
2024-01-17_1370.txt,2024-03-06_846.txt,0.9392072411938738
2024-02-07_1162.txt,2024-03-06_846.txt,0.8786905326811367
2024-01-10_1456.txt,2024-03-06_846.txt,0.8683973407420562
2024-02-28_919.txt,2024-03-06_846.txt,0.865285734419059
2024-01-24_1295.txt,2024-03-06_846.txt,0.8634919817493313
2024-02-14_1091.txt,2024-04-04_153.txt,0.937118602692235
2024-03-27_246.txt,2024-04-04_153.txt,0.937118602692235
2024-01-31_1221.txt,2024-04-04_153.txt,0.937118602692235
2024-01-17_1370.txt,2024-04-04_153.txt,0.937118602692235
2024-03-06_846.txt,2024-04-04_153.txt,0.8801485775060317
2024-02-07_1162.txt,2024-04-04_153.txt,0.8767364731327346
2024-01-10_1456.txt,2024-04-04_153.txt,0.8664661715165197
2024-02-28_919.txt,2024-04-04_153.txt,0.8633614848811945
2024-01-24_1295.txt,2024-04-04_153.txt,0.8615717212148775
2024-02-27_934.txt,2024-03-05_856.txt,0.939667046880136
2024-01-30_1226.txt,2024-03-05_856.txt,0.939667046880136
2024-01-16_1382.txt,2024-03-05_856.txt,0.939667046880136
2024-02-06_1170.txt,2024-03-05_856.txt,0.8795760407419124
2024-01-23_1304.txt,2024-03-05_856.txt,0.8731306914343651
2024-02-20_1012.txt,2024-03-05_856.txt,0.8719616536874213
2024-01-31_1221.txt,2024-02-07_1162.txt,0.9355661819261408
2024-01-17_1370.txt,2024-02-07_1162.txt,0.9355661819261408
2024-01-10_1456.txt,2024-02-07_1162.txt,0.8650307928206794
2024-01-24_1295.txt,2024-02-07_1162.txt,0.8601444506136419
2024-01-30_1226.txt,2024-02-06_1170.txt,0.9360507465514124
2024-01-16_1382.txt,2024-02-06_1170.txt,0.9360507465514124
2024-01-23_1304.txt,2024-02-06_1170.txt,0.8697704556817799
2024-02-23_977.txt,2024-03-01_894.txt,0.940172432298406
2024-01-19_1351.txt,2024-03-01_894.txt,0.940172432298406
2024-01-26_1275.txt,2024-03-01_894.txt,0.8866884437342597
2024-02-02_1201.txt,2024-03-01_894.txt,0.880549886446116
2024-01-12_1429.txt,2024-03-01_894.txt,0.8717391180005856
2024-03-01_894.txt,2024-03-08_819.txt,1.0
2024-02-23_977.txt,2024-03-08_819.txt,0.940172432298406
2024-01-19_1351.txt,2024-03-08_819.txt,0.940172432298406
2024-01-26_1275.txt,2024-03-08_819.txt,0.8866884437342597
2024-02-02_1201.txt,2024-03-08_819.txt,0.880549886446116
2024-01-12_1429.txt,2024-03-08_819.txt,0.8717391180005856
2024-01-15_1394.txt,2024-04-08_101.txt,0.8698302484211973
2024-01-29_1237.txt,2024-04-08_101.txt,0.9381137125296864
2024-01-22_1317.txt,2024-04-08_101.txt,0.9381137125296864
2024-02-19_1031.txt,2024-04-08_101.txt,0.9381137125296864
2024-02-05_1175.txt,2024-04-08_101.txt,0.8786217237003326
2024-02-12_1118.txt,2024-04-08_101.txt,0.8698302484211973
2024-02-26_946.txt,2024-04-08_101.txt,0.877851394073002
2024-01-25_1284.txt,2024-03-07_832.txt,0.9404451825074212
2024-01-18_1360.txt,2024-03-07_832.txt,0.9404451825074212
2024-01-11_1444.txt,2024-03-07_832.txt,0.9404451825074212
2024-02-22_989.txt,2024-03-07_832.txt,0.9404451825074212
2024-02-01_1211.txt,2024-03-07_832.txt,0.8810757019902151
2024-01-04_1505.txt,2024-03-07_832.txt,0.8794980524323296
2024-01-15_1394.txt,2024-02-05_1175.txt,0.8684113176616927
2024-01-29_1237.txt,2024-02-05_1175.txt,0.936583392786222
2024-01-22_1317.txt,2024-02-05_1175.txt,0.936583392786222
2024-01-19_1351.txt,2024-02-02_1201.txt,0.936583392786222
2024-01-26_1275.txt,2024-02-02_1201.txt,0.8833035754375159
2024-01-12_1429.txt,2024-02-02_1201.txt,0.8684113176616927
2024-01-15_1394.txt,2024-02-26_946.txt,0.8676499399849756
2024-01-29_1237.txt,2024-02-26_946.txt,0.935762245395408
2024-01-22_1317.txt,2024-02-26_946.txt,0.935762245395408
2024-02-19_1031.txt,2024-02-26_946.txt,0.935762245395408
2024-02-05_1175.txt,2024-02-26_946.txt,0.8764193786336846
2024-02-12_1118.txt,2024-02-26_946.txt,0.8676499399849756
2024-01-25_1284.txt,2024-02-01_1211.txt,0.9368708760260598
2024-01-18_1360.txt,2024-02-01_1211.txt,0.9368708760260598
2024-01-11_1444.txt,2024-02-01_1211.txt,0.9368708760260598
2024-01-04_1505.txt,2024-02-01_1211.txt,0.8761553848876118
2024-01-30_1226.txt,2024-02-20_1012.txt,0.9279474645647
2024-01-16_1382.txt,2024-02-20_1012.txt,0.9279474645647
2024-02-06_1170.txt,2024-02-20_1012.txt,0.8686059169662778
2024-01-23_1304.txt,2024-02-20_1012.txt,0.8622409544319097
2024-02-14_1091.txt,2024-02-28_919.txt,0.9212937214146164
2024-01-31_1221.txt,2024-02-28_919.txt,0.9212937214146164
2024-01-17_1370.txt,2024-02-28_919.txt,0.9212937214146164
2024-02-07_1162.txt,2024-02-28_919.txt,0.8619312493763983
2024-01-10_1456.txt,2024-02-28_919.txt,0.8518343797071057
2024-01-24_1295.txt,2024-02-28_919.txt,0.8470225807312615
2024-01-15_1394.txt,2024-02-12_1118.txt,0.8597220075463102
2024-01-29_1237.txt,2024-02-12_1118.txt,0.927211953949209
2024-01-22_1317.txt,2024-02-12_1118.txt,0.927211953949209
2024-02-05_1175.txt,2024-02-12_1118.txt,0.8684113176616927
2024-01-15_1394.txt,2024-04-15_33.txt,1.0000000000000002
2024-01-29_1237.txt,2024-04-15_33.txt,0.927211953949209
2024-01-22_1317.txt,2024-04-15_33.txt,0.927211953949209
2024-02-19_1031.txt,2024-04-15_33.txt,0.927211953949209
2024-02-05_1175.txt,2024-04-15_33.txt,0.8684113176616927
2024-02-12_1118.txt,2024-04-15_33.txt,0.8597220075463102
2024-02-26_946.txt,2024-04-15_33.txt,0.8676499399849756
2024-04-08_101.txt,2024-04-15_33.txt,0.8698302484211973
2024-01-25_1284.txt,2024-03-28_234.txt,0.9228522211589376
2024-01-18_1360.txt,2024-03-28_234.txt,0.9228522211589376
2024-01-11_1444.txt,2024-03-28_234.txt,0.9228522211589376
2024-02-22_989.txt,2024-03-28_234.txt,0.9228522211589376
2024-03-07_832.txt,2024-03-28_234.txt,0.8678919255551961
2024-02-01_1211.txt,2024-03-28_234.txt,0.8645933688797688
2024-01-04_1505.txt,2024-03-28_234.txt,0.8630452325016086
2024-02-14_1091.txt,2024-04-10_81.txt,0.839935986203695
2024-03-27_246.txt,2024-04-10_81.txt,0.839935986203695
2024-01-31_1221.txt,2024-04-10_81.txt,0.839935986203695
2024-01-17_1370.txt,2024-04-10_81.txt,0.839935986203695
2024-04-04_153.txt,2024-04-10_81.txt,0.896296353301124
2024-01-10_1456.txt,2024-04-10_81.txt,0.9084251222000814
2024-02-14_1091.txt,2024-03-14_358.txt,0.8415571322218837
2024-01-31_1221.txt,2024-03-14_358.txt,0.8415571322218837
2024-01-17_1370.txt,2024-03-14_358.txt,0.8415571322218837
2024-01-25_1284.txt,2024-02-15_1072.txt,0.8304964297344873
2024-01-18_1360.txt,2024-02-15_1072.txt,0.8304964297344873
2024-01-11_1444.txt,2024-02-15_1072.txt,0.8304964297344873
2024-03-11_390.txt,2024-03-18_330.txt,1.0000000000000002
2024-01-29_1237.txt,2024-03-18_330.txt,0.8439377676352269
2024-01-22_1317.txt,2024-03-18_330.txt,0.8439377676352269
2024-02-19_1031.txt,2024-03-18_330.txt,0.8439377676352269
2024-03-11_390.txt,2024-03-25_265.txt,1.0000000000000002
2024-03-18_330.txt,2024-03-25_265.txt,1.0000000000000002
2024-01-29_1237.txt,2024-03-25_265.txt,0.8439377676352269
2024-01-22_1317.txt,2024-03-25_265.txt,0.8439377676352269
2024-02-19_1031.txt,2024-03-25_265.txt,0.8439377676352269
2024-01-29_1237.txt,2024-03-11_390.txt,0.8439377676352269
2024-01-22_1317.txt,2024-03-11_390.txt,0.8439377676352269
2024-02-19_1031.txt,2024-03-11_390.txt,0.8439377676352269
2024-01-25_1284.txt,2024-03-21_300.txt,0.844611196028
2024-01-18_1360.txt,2024-03-21_300.txt,0.844611196028
2024-01-11_1444.txt,2024-03-21_300.txt,0.844611196028
2024-02-22_989.txt,2024-03-21_300.txt,0.844611196028
2024-03-17_334.txt,2024-03-24_272.txt,0.9277462193876672
2024-01-19_1351.txt,2024-01-26_1275.txt,0.9431125751758156
2024-01-12_1429.txt,2024-01-26_1275.txt,0.8744652536228382
2024-01-16_1382.txt,2024-01-23_1304.txt,0.9291915624085324
2024-01-17_1370.txt,2024-01-24_1295.txt,0.9193838631947764
2024-01-10_1456.txt,2024-01-24_1295.txt,0.8500685119342005
2024-01-06_1490.txt,2024-01-20_1339.txt,0.8686635071751854
2024-01-13_1413.txt,2024-01-20_1339.txt,0.8602239891920842
2023-04-11_3631.txt,2023-10-16_3087.txt,1.0000000000000002
2023-10-11_3217.txt,2023-10-16_3087.txt,0.9590253285837422
2023-07-07_3444.txt,2023-10-16_3087.txt,0.8267116123126638
2023-04-11_3631.txt,2023-10-11_3217.txt,0.9590253285837422
2023-07-07_3444.txt,2023-10-11_3217.txt,0.8620331368448055
2023-04-11_3631.txt,2023-11-09_2459.txt,0.9390630192936448
2023-10-11_3217.txt,2023-11-09_2459.txt,0.9791847945042524
2023-10-16_3087.txt,2023-11-09_2459.txt,0.9390630192936448
2023-07-07_3444.txt,2023-11-09_2459.txt,0.8440897399572371
2023-04-11_3631.txt,2024-01-23_1305.txt,0.9110736511665998
2023-10-11_3217.txt,2024-01-23_1305.txt,0.9499995714524494
2023-10-16_3087.txt,2024-01-23_1305.txt,0.9110736511665998
2023-11-09_2459.txt,2024-01-23_1305.txt,0.9302251351517948
2023-12-08_1869.txt,2024-01-23_1305.txt,0.8434992608447472
2023-04-11_3631.txt,2024-01-29_1239.txt,0.8537994934640156
2023-10-11_3217.txt,2024-01-29_1239.txt,0.8902783565944803
2023-10-16_3087.txt,2024-01-29_1239.txt,0.8537994934640156
2023-11-09_2459.txt,2024-01-29_1239.txt,0.87174702965355
2024-01-23_1305.txt,2024-01-29_1239.txt,0.8457640572381474
2023-04-11_3631.txt,2023-12-08_1869.txt,0.8515131796901734
2023-10-11_3217.txt,2023-12-08_1869.txt,0.8878943593154737
2023-10-27_2801.txt,2023-12-08_1869.txt,0.9421451911365624
2023-10-16_3087.txt,2023-12-08_1869.txt,0.8515131796901734
2023-11-09_2459.txt,2023-12-08_1869.txt,0.869412655767807
2023-04-11_3631.txt,2023-11-27_2067.txt,0.8317927161752732
2023-10-11_3217.txt,2023-11-27_2067.txt,0.8673313325349165
2023-10-16_3087.txt,2023-11-27_2067.txt,0.8317927161752732
2023-11-09_2459.txt,2023-11-27_2067.txt,0.8492776526153016
2023-04-11_3631.txt,2023-07-07_3444.txt,0.8267116123126638
2023-10-11_3217.txt,2023-10-27_2801.txt,0.8365254008663523
2024-01-06_1490.txt,2024-01-13_1413.txt,0.8660894822401791
2023-11-03_2619.txt,2023-11-08_2496.txt,1.0
2023-11-01_2677.txt,2023-11-08_2496.txt,1.0
2023-11-02_2642.txt,2023-11-08_2496.txt,1.0
2023-11-05_2567.txt,2023-11-08_2496.txt,1.0
2023-11-07_2521.txt,2023-11-08_2496.txt,1.0
2023-11-04_2588.txt,2023-11-08_2496.txt,1.0
2023-11-06_2547.txt,2023-11-08_2496.txt,1.0
2023-10-19_3010.txt,2023-11-08_2496.txt,0.8577946539924715
2023-10-14_3134.txt,2023-11-08_2496.txt,0.8506743966920562
2023-10-30_2733.txt,2023-11-08_2496.txt,0.8467006768913844
2023-11-03_2619.txt,2023-11-09_2469.txt,1.0
2023-11-01_2677.txt,2023-11-09_2469.txt,1.0
2023-11-08_2496.txt,2023-11-09_2469.txt,1.0
2023-11-02_2642.txt,2023-11-09_2469.txt,1.0
2023-11-05_2567.txt,2023-11-09_2469.txt,1.0
2023-11-07_2521.txt,2023-11-09_2469.txt,1.0
2023-11-04_2588.txt,2023-11-09_2469.txt,1.0
2023-11-06_2547.txt,2023-11-09_2469.txt,1.0
2023-10-19_3010.txt,2023-11-09_2469.txt,0.8577946539924715
2023-10-14_3134.txt,2023-11-09_2469.txt,0.8506743966920562
2023-10-30_2733.txt,2023-11-09_2469.txt,0.8467006768913844
2023-11-03_2619.txt,2023-11-07_2521.txt,1.0
2023-11-01_2677.txt,2023-11-07_2521.txt,1.0
2023-11-02_2642.txt,2023-11-07_2521.txt,1.0
2023-11-05_2567.txt,2023-11-07_2521.txt,1.0
2023-11-04_2588.txt,2023-11-07_2521.txt,1.0
2023-11-06_2547.txt,2023-11-07_2521.txt,1.0
2023-10-19_3010.txt,2023-11-07_2521.txt,0.8577946539924715
2023-10-14_3134.txt,2023-11-07_2521.txt,0.8506743966920562
2023-10-30_2733.txt,2023-11-07_2521.txt,0.8467006768913844
2023-11-03_2619.txt,2023-11-06_2547.txt,1.0
2023-11-01_2677.txt,2023-11-06_2547.txt,1.0
2023-11-02_2642.txt,2023-11-06_2547.txt,1.0
2023-11-05_2567.txt,2023-11-06_2547.txt,1.0
2023-11-04_2588.txt,2023-11-06_2547.txt,1.0
2023-10-19_3010.txt,2023-11-06_2547.txt,0.8577946539924715
2023-10-14_3134.txt,2023-11-06_2547.txt,0.8506743966920562
2023-10-30_2733.txt,2023-11-06_2547.txt,0.8467006768913844
2023-11-03_2619.txt,2023-11-05_2567.txt,1.0
2023-11-01_2677.txt,2023-11-05_2567.txt,1.0
2023-11-02_2642.txt,2023-11-05_2567.txt,1.0
2023-11-04_2588.txt,2023-11-05_2567.txt,1.0
2023-10-19_3010.txt,2023-11-05_2567.txt,0.8577946539924715
2023-10-14_3134.txt,2023-11-05_2567.txt,0.8506743966920562
2023-10-30_2733.txt,2023-11-05_2567.txt,0.8467006768913844
2023-11-03_2619.txt,2023-11-04_2588.txt,1.0
2023-11-01_2677.txt,2023-11-04_2588.txt,1.0
2023-11-02_2642.txt,2023-11-04_2588.txt,1.0
2023-10-19_3010.txt,2023-11-04_2588.txt,0.8577946539924715
2023-10-14_3134.txt,2023-11-04_2588.txt,0.8506743966920562
2023-10-30_2733.txt,2023-11-04_2588.txt,0.8467006768913844
2023-11-03_2619.txt,2023-11-13_2373.txt,0.8559946805721083
2023-11-01_2677.txt,2023-11-13_2373.txt,0.8559946805721083
2023-11-08_2496.txt,2023-11-13_2373.txt,0.8559946805721083
2023-11-02_2642.txt,2023-11-13_2373.txt,0.8559946805721083
2023-11-05_2567.txt,2023-11-13_2373.txt,0.8559946805721083
2023-11-07_2521.txt,2023-11-13_2373.txt,0.8559946805721083
2023-11-04_2588.txt,2023-11-13_2373.txt,0.8559946805721083
2023-11-06_2547.txt,2023-11-13_2373.txt,0.8559946805721083
2023-10-13_3166.txt,2023-11-13_2373.txt,0.9445097555105152
2023-10-19_3010.txt,2023-11-13_2373.txt,0.8383891448339678
2023-11-09_2469.txt,2023-11-13_2373.txt,0.8559946805721083
2023-10-14_3134.txt,2023-11-13_2373.txt,0.8314299659660319
2023-10-30_2733.txt,2023-11-13_2373.txt,0.8275461418713153
2023-11-03_2619.txt,2023-11-21_2192.txt,0.8518508110133592
2023-11-01_2677.txt,2023-11-21_2192.txt,0.8518508110133592
2023-11-08_2496.txt,2023-11-21_2192.txt,0.8518508110133592
2023-11-02_2642.txt,2023-11-21_2192.txt,0.8518508110133592
2023-11-05_2567.txt,2023-11-21_2192.txt,0.8518508110133592
2023-11-07_2521.txt,2023-11-21_2192.txt,0.8518508110133592
2023-11-04_2588.txt,2023-11-21_2192.txt,0.8518508110133592
2023-11-06_2547.txt,2023-11-21_2192.txt,0.8518508110133592
2023-10-21_2944.txt,2023-11-21_2192.txt,0.8661790398501222
2023-10-19_3010.txt,2023-11-21_2192.txt,0.8343305036595378
2023-11-09_2469.txt,2023-11-21_2192.txt,0.8518508110133592
2023-10-14_3134.txt,2023-11-21_2192.txt,0.8274050141708927
2023-11-13_2373.txt,2023-11-21_2192.txt,0.8325797667863297
2023-11-03_2619.txt,2023-11-30_2007.txt,0.8494294914776174
2023-11-01_2677.txt,2023-11-30_2007.txt,0.8494294914776174
2023-11-08_2496.txt,2023-11-30_2007.txt,0.8494294914776174
2023-11-02_2642.txt,2023-11-30_2007.txt,0.8494294914776174
2023-11-05_2567.txt,2023-11-30_2007.txt,0.8494294914776174
2023-11-07_2521.txt,2023-11-30_2007.txt,0.8494294914776174
2023-11-04_2588.txt,2023-11-30_2007.txt,0.8494294914776174
2023-11-06_2547.txt,2023-11-30_2007.txt,0.8494294914776174
2023-11-27_2068.txt,2023-11-30_2007.txt,0.9263142344447524
2023-11-25_2097.txt,2023-11-30_2007.txt,0.9232270312731308
2023-11-28_2047.txt,2023-11-30_2007.txt,0.9208584131196887
2023-11-23_2145.txt,2023-11-30_2007.txt,0.9166714265824296
2023-11-24_2124.txt,2023-11-30_2007.txt,0.8657896740950396
2023-10-19_3010.txt,2023-11-30_2007.txt,0.8319589842318895
2023-11-09_2469.txt,2023-11-30_2007.txt,0.8494294914776174
2023-11-13_2373.txt,2023-11-30_2007.txt,0.8302132236917884
2023-11-03_2619.txt,2023-11-20_2218.txt,0.8494294914776174
2023-11-01_2677.txt,2023-11-20_2218.txt,0.8494294914776174
2023-11-08_2496.txt,2023-11-20_2218.txt,0.8494294914776174
2023-11-02_2642.txt,2023-11-20_2218.txt,0.8494294914776174
2023-11-05_2567.txt,2023-11-20_2218.txt,0.8494294914776174
2023-11-07_2521.txt,2023-11-20_2218.txt,0.8494294914776174
2023-11-04_2588.txt,2023-11-20_2218.txt,0.8494294914776174
2023-11-06_2547.txt,2023-11-20_2218.txt,0.8494294914776174
2023-10-20_2978.txt,2023-11-20_2218.txt,0.93130254521943
2023-10-19_3010.txt,2023-11-20_2218.txt,0.8319589842318895
2023-11-09_2469.txt,2023-11-20_2218.txt,0.8494294914776174
2023-11-13_2373.txt,2023-11-20_2218.txt,0.8302132236917884
2023-11-03_2619.txt,2023-11-16_2301.txt,0.848108081278214
2023-11-01_2677.txt,2023-11-16_2301.txt,0.848108081278214
2023-11-08_2496.txt,2023-11-16_2301.txt,0.848108081278214
2023-11-02_2642.txt,2023-11-16_2301.txt,0.848108081278214
2023-11-05_2567.txt,2023-11-16_2301.txt,0.848108081278214
2023-11-07_2521.txt,2023-11-16_2301.txt,0.848108081278214
2023-11-04_2588.txt,2023-11-16_2301.txt,0.848108081278214
2023-11-06_2547.txt,2023-11-16_2301.txt,0.848108081278214
2023-10-16_3104.txt,2023-11-16_2301.txt,0.926518683551986
2023-10-19_3010.txt,2023-11-16_2301.txt,0.8306647519285858
2023-11-09_2469.txt,2023-11-16_2301.txt,0.848108081278214
2023-11-13_2373.txt,2023-11-16_2301.txt,0.8289217071710264
2023-11-03_2619.txt,2023-11-14_2349.txt,0.8467006768913844
2023-11-01_2677.txt,2023-11-14_2349.txt,0.8467006768913844
2023-11-08_2496.txt,2023-11-14_2349.txt,0.8467006768913844
2023-11-02_2642.txt,2023-11-14_2349.txt,0.8467006768913844
2023-11-05_2567.txt,2023-11-14_2349.txt,0.8467006768913844
2023-11-07_2521.txt,2023-11-14_2349.txt,0.8467006768913844
2023-11-04_2588.txt,2023-11-14_2349.txt,0.8467006768913844
2023-11-06_2547.txt,2023-11-14_2349.txt,0.8467006768913844
2023-10-19_3010.txt,2023-11-14_2349.txt,0.8292862941097577
2023-11-09_2469.txt,2023-11-14_2349.txt,0.8467006768913844
2023-11-13_2373.txt,2023-11-14_2349.txt,0.8275461418713153
2023-11-03_2619.txt,2023-11-22_2173.txt,0.8467006768913844
2023-11-01_2677.txt,2023-11-22_2173.txt,0.8467006768913844
2023-11-08_2496.txt,2023-11-22_2173.txt,0.8467006768913844
2023-11-02_2642.txt,2023-11-22_2173.txt,0.8467006768913844
2023-11-05_2567.txt,2023-11-22_2173.txt,0.8467006768913844
2023-11-07_2521.txt,2023-11-22_2173.txt,0.8467006768913844
2023-11-04_2588.txt,2023-11-22_2173.txt,0.8467006768913844
2023-11-06_2547.txt,2023-11-22_2173.txt,0.8467006768913844
2023-10-22_2929.txt,2023-11-22_2173.txt,0.9225216891705696
2023-10-19_3010.txt,2023-11-22_2173.txt,0.8292862941097577
2023-11-09_2469.txt,2023-11-22_2173.txt,0.8467006768913844
2023-11-13_2373.txt,2023-11-22_2173.txt,0.8275461418713153
2023-11-03_2619.txt,2023-11-12_2389.txt,0.8418364296751847
2023-11-01_2677.txt,2023-11-12_2389.txt,0.8418364296751847
2023-11-08_2496.txt,2023-11-12_2389.txt,0.8418364296751847
2023-11-02_2642.txt,2023-11-12_2389.txt,0.8418364296751847
2023-11-05_2567.txt,2023-11-12_2389.txt,0.8418364296751847
2023-11-07_2521.txt,2023-11-12_2389.txt,0.8418364296751847
2023-11-04_2588.txt,2023-11-12_2389.txt,0.8418364296751847
2023-11-06_2547.txt,2023-11-12_2389.txt,0.8418364296751847
2023-11-09_2469.txt,2023-11-12_2389.txt,0.8418364296751847
2023-11-30_2007.txt,2023-12-01_1993.txt,0.9384609359182496
2023-11-27_2068.txt,2023-12-01_1993.txt,0.8693097234114189
2023-11-25_2097.txt,2023-12-01_1993.txt,0.866412503833609
2023-11-28_2047.txt,2023-12-01_1993.txt,0.864189648224497
2023-11-23_2145.txt,2023-12-01_1993.txt,0.8602603249200639
2023-10-10_3253.txt,2023-11-10_2439.txt,0.8296693330081483
2023-11-25_2097.txt,2023-11-27_2068.txt,0.8551983406924715
2023-11-23_2145.txt,2023-11-27_2068.txt,0.8491257907520823
2023-10-27_2810.txt,2023-11-27_2068.txt,0.8599403866687622
2023-11-23_2145.txt,2023-11-25_2097.txt,0.8462958398166021
2023-10-25_2866.txt,2023-11-25_2097.txt,0.8658783028057523
2023-11-27_2068.txt,2023-11-28_2047.txt,0.853004255980974
2023-11-25_2097.txt,2023-11-28_2047.txt,0.8501613789673763
2023-11-23_2145.txt,2023-11-28_2047.txt,0.8441245952348574
2023-10-28_2776.txt,2023-11-28_2047.txt,0.8591111771926181
2023-10-23_2913.txt,2023-11-23_2145.txt,0.8530288271082648
2023-11-01_2677.txt,2023-11-03_2619.txt,1.0
2023-11-02_2642.txt,2023-11-03_2619.txt,1.0
2023-10-19_3010.txt,2023-11-03_2619.txt,0.8577946539924715
2023-10-14_3134.txt,2023-11-03_2619.txt,0.8506743966920562
2023-10-30_2733.txt,2023-11-03_2619.txt,0.8467006768913844
2023-11-01_2677.txt,2023-11-02_2642.txt,1.0
2023-10-19_3010.txt,2023-11-02_2642.txt,0.8577946539924715
2023-10-14_3134.txt,2023-11-02_2642.txt,0.8506743966920562
2023-10-30_2733.txt,2023-11-02_2642.txt,0.8467006768913844
2024-02-20_1013.txt,2024-02-21_1003.txt,1.0
2024-03-06_847.txt,2024-03-15_353.txt,0.8427020058173339
2024-02-27_937.txt,2024-02-29_908.txt,0.8735523253197719
2023-10-30_2741.txt,2023-11-12_2393.txt,0.9827716173797536
2023-10-27_2821.txt,2023-11-12_2393.txt,0.9247196992879736
2023-10-26_2844.txt,2023-11-12_2393.txt,0.8953099958903291
2023-10-31_2708.txt,2023-11-12_2393.txt,0.9059476247576184
2023-10-23_2894.txt,2023-11-12_2393.txt,0.8767796992337583
2023-11-09_2473.txt,2023-11-12_2393.txt,0.8545435930565407
2023-10-30_2741.txt,2023-10-31_2708.txt,0.9218292518184829
2023-10-27_2821.txt,2023-10-31_2708.txt,0.8673771743726043
2023-10-26_2844.txt,2023-10-31_2708.txt,0.8397911875575433
2023-10-30_2741.txt,2023-12-21_1670.txt,0.9070961382605226
2023-10-27_2821.txt,2023-12-21_1670.txt,0.8535143398157654
2023-10-31_2708.txt,2023-12-21_1670.txt,0.8361877544601323
2023-11-12_2393.txt,2023-12-21_1670.txt,0.8914683389172222
2023-10-19_2985.txt,2023-12-21_1670.txt,0.8323600117647576
2023-10-30_2741.txt,2023-11-13_2379.txt,0.8826397413034712
2023-10-27_2821.txt,2023-11-13_2379.txt,0.8305025722393998
2023-11-12_2393.txt,2023-11-13_2379.txt,0.8674332861244595
2023-10-30_2741.txt,2023-11-09_2473.txt,0.8695240867200746
2023-10-23_2894.txt,2023-11-09_2473.txt,0.9042153040338718
2023-11-16_2304.txt,2023-11-27_2075.txt,0.9348000885356288
2023-10-10_3233.txt,2023-11-04_2595.txt,0.8622255423132573
2023-10-09_3270.txt,2023-11-04_2595.txt,0.8285106618236814
2023-12-06_1907.txt,2023-12-20_1681.txt,0.8644349024434747
2023-10-10_3233.txt,2023-11-02_2655.txt,0.837059237435581
2023-10-10_3233.txt,2023-11-03_2625.txt,0.8316290002935364
2023-11-07_2527.txt,2023-11-20_2222.txt,0.8927120538231396
2023-11-08_2501.txt,2023-11-20_2222.txt,0.8344865674539205
2023-11-14_2355.txt,2023-11-20_2222.txt,0.8307241446013678
2023-12-07_1891.txt,2023-12-08_1873.txt,0.9207514136716664
2023-12-05_1927.txt,2023-12-08_1873.txt,0.8657152881813233
2023-11-20_2222.txt,2023-11-22_2180.txt,0.8863736891905407
2023-11-20_2222.txt,2023-12-14_1772.txt,0.9252239495456148
2023-11-07_2527.txt,2023-12-14_1772.txt,0.96486051216201
2023-11-08_2501.txt,2023-12-14_1772.txt,0.901929276542986
2023-12-05_1927.txt,2023-12-07_1891.txt,0.8437921891815627
2023-11-07_2527.txt,2023-12-25_1618.txt,0.851370751966214
2023-12-19_1692.txt,2023-12-25_1618.txt,0.9577183899987652
2023-12-14_1772.txt,2023-12-25_1618.txt,0.8823770288396466
2023-12-15_1753.txt,2023-12-25_1618.txt,0.9236369045368872
2023-12-14_1772.txt,2023-12-19_1692.txt,0.8450687074322001
2023-12-15_1753.txt,2023-12-19_1692.txt,0.8845840491565105
2023-11-20_2222.txt,2023-12-27_1592.txt,0.9660648549215864
2023-11-07_2527.txt,2023-12-27_1592.txt,0.91526547095745
2023-12-14_1772.txt,2023-12-27_1592.txt,0.9485987450212572
2023-11-08_2501.txt,2023-12-27_1592.txt,0.8555689798266067
2023-11-22_2180.txt,2023-12-27_1592.txt,0.8562944694541705
2023-11-14_2355.txt,2023-12-27_1592.txt,0.8667250058143254
2023-12-22_1653.txt,2023-12-27_1592.txt,0.8480597427253312
2023-12-25_1618.txt,2023-12-27_1592.txt,0.8370217421928744
2023-11-07_2527.txt,2023-11-08_2501.txt,0.8702359436991762
2023-12-01_1997.txt,2023-12-04_1942.txt,0.947640685302206
2023-11-30_2014.txt,2023-12-04_1942.txt,0.9081340278470044
2023-11-28_2051.txt,2023-12-04_1942.txt,0.8778602956320846
2023-11-30_2014.txt,2023-12-01_1997.txt,0.8818574176611872
2023-11-28_2051.txt,2023-12-01_1997.txt,0.852459647623532
2023-11-28_2051.txt,2023-11-30_2014.txt,0.8448921871450255
2023-11-22_2180.txt,2023-12-22_1653.txt,0.8820324033918575
2024-03-16_344.txt,2024-03-17_338.txt,0.9774918563694251
2024-03-12_381.txt,2024-03-17_338.txt,0.963087062849196
2024-04-12_65.txt,2024-04-14_45.txt,0.913620569339936
2024-04-11_73.txt,2024-04-14_45.txt,0.8447596148981842
2024-04-13_54.txt,2024-04-14_45.txt,0.8323746037487306
2024-02-11_1133.txt,2024-02-12_1123.txt,0.9580756659687752
2024-03-12_381.txt,2024-03-16_344.txt,0.9414097609098376
2023-10-19_3010.txt,2023-11-01_2677.txt,0.8577946539924715
2023-10-14_3134.txt,2023-11-01_2677.txt,0.8506743966920562
2023-10-30_2733.txt,2023-11-01_2677.txt,0.8467006768913844
2023-10-14_3134.txt,2023-10-19_3010.txt,0.8331782850544542
2023-10-19_3010.txt,2023-10-30_2733.txt,0.8292862941097577
2023-10-27_2821.txt,2023-10-30_2741.txt,0.940930408382614
2023-10-26_2844.txt,2023-10-30_2741.txt,0.9110051410289884
2023-10-23_2894.txt,2023-10-30_2741.txt,0.8921500008022325
2023-12-05_1916.txt,2024-01-04_1503.txt,0.9392663769311
2023-11-10_2430.txt,2024-01-04_1503.txt,0.8980404952788582
2023-11-21_2186.txt,2024-01-04_1503.txt,0.8873508427365288
2023-12-06_1897.txt,2024-01-04_1503.txt,0.8964356202007553
2023-11-14_2340.txt,2024-01-04_1503.txt,0.8771500299870272
2023-10-25_2857.txt,2024-01-04_1503.txt,0.8931297349313148
2023-12-14_1759.txt,2024-01-04_1503.txt,0.8974205020857857
2023-10-20_2967.txt,2024-01-04_1503.txt,0.840542965893163
2023-10-26_2832.txt,2024-01-04_1503.txt,0.8497889428468834
2024-01-02_1529.txt,2024-01-04_1503.txt,0.8649080094236227
2023-11-29_2025.txt,2024-01-04_1503.txt,0.8782363964483335
2023-11-15_2313.txt,2024-01-04_1503.txt,0.8901092965761853
2023-11-28_2045.txt,2024-01-04_1503.txt,0.8692726570076031
2023-10-24_2880.txt,2024-01-04_1503.txt,0.872887953997257
2023-12-04_1933.txt,2024-01-04_1503.txt,0.8615729256321272
2023-10-12_3208.txt,2024-01-04_1503.txt,0.8562346273162996
2023-11-09_2457.txt,2024-01-04_1503.txt,0.8535463601567801
2023-10-13_3171.txt,2024-01-04_1503.txt,0.8390242580629843
2023-11-06_2551.txt,2024-01-04_1503.txt,0.829839808041095
2023-10-23_2904.txt,2024-01-04_1503.txt,0.8295313576891788
2023-12-15_1743.txt,2024-01-04_1503.txt,0.8600097414436666
2023-10-11_3219.txt,2024-01-04_1503.txt,0.846052254064011
2023-11-03_2623.txt,2024-01-04_1503.txt,0.8341007381837787
2023-12-05_1916.txt,2024-02-19_1023.txt,0.9163832942499516
2024-01-04_1503.txt,2024-02-19_1023.txt,0.9243177279814916
2024-01-15_1388.txt,2024-02-19_1023.txt,0.8962444154198261
2023-11-10_2430.txt,2024-02-19_1023.txt,0.8911387675746523
2023-11-21_2186.txt,2024-02-19_1023.txt,0.8819967225307191
2023-12-06_1897.txt,2024-02-19_1023.txt,0.8745960112046324
2024-01-22_1311.txt,2024-02-19_1023.txt,0.9005183587265914
2023-11-14_2340.txt,2024-02-19_1023.txt,0.8538175543627141
2023-10-25_2857.txt,2024-02-19_1023.txt,0.8854696373760503
2024-01-11_1440.txt,2024-02-19_1023.txt,0.8643885943121108
2023-12-14_1759.txt,2024-02-19_1023.txt,0.855585156829652
2023-10-20_2967.txt,2024-02-19_1023.txt,0.8373779938293175
2023-10-26_2832.txt,2024-02-19_1023.txt,0.8271509692294761
2024-01-02_1529.txt,2024-02-19_1023.txt,0.8816460114794367
2023-11-29_2025.txt,2024-02-19_1023.txt,0.8568401700240651
2023-11-15_2313.txt,2024-02-19_1023.txt,0.8828257039726602
2023-11-28_2045.txt,2024-02-19_1023.txt,0.8628465865025321
2023-10-31_2707.txt,2024-02-19_1023.txt,0.8622775869488232
2023-10-24_2880.txt,2024-02-19_1023.txt,0.8676211003393609
2024-01-29_1232.txt,2024-02-19_1023.txt,0.8619275389475195
2024-02-16_1063.txt,2024-02-19_1023.txt,0.8766771110710435
2024-01-05_1495.txt,2024-02-19_1023.txt,0.877045505673831
2023-12-04_1933.txt,2024-02-19_1023.txt,0.8405826666626797
2023-10-12_3208.txt,2024-02-19_1023.txt,0.8353744238079418
2023-11-09_2457.txt,2024-02-19_1023.txt,0.8327516501454651
2024-01-26_1270.txt,2024-02-19_1023.txt,0.8544024028018034
2024-01-19_1345.txt,2024-02-19_1023.txt,0.8564617952937056
2023-11-06_2551.txt,2024-02-19_1023.txt,0.8640511368776882
2023-10-23_2904.txt,2024-02-19_1023.txt,0.8601740580286824
2023-12-15_1743.txt,2024-02-19_1023.txt,0.8561891594812476
2023-10-11_3219.txt,2024-02-19_1023.txt,0.8322700593823756
2024-01-10_1453.txt,2024-02-19_1023.txt,0.8352081698082399
2023-11-03_2623.txt,2024-02-19_1023.txt,0.8281945704524977
2023-12-05_1916.txt,2023-12-14_1759.txt,0.909934521806154
2023-11-10_2430.txt,2023-12-14_1759.txt,0.8781998312473619
2023-11-21_2186.txt,2023-12-14_1759.txt,0.8677463482383889
2023-12-06_1897.txt,2023-12-14_1759.txt,0.8766304131307279
2023-11-14_2340.txt,2023-12-14_1759.txt,0.8729448393942606
2023-10-25_2857.txt,2023-12-14_1759.txt,0.8267163132304833
2023-10-20_2967.txt,2023-12-14_1759.txt,0.8605834598084434
2023-10-26_2832.txt,2023-12-14_1759.txt,0.8504645981968683
2023-11-29_2025.txt,2023-12-14_1759.txt,0.8588332700038495
2023-11-28_2045.txt,2023-12-14_1759.txt,0.8673928732150373
2023-10-31_2707.txt,2023-12-14_1759.txt,0.8329836890410984
2023-10-24_2880.txt,2023-12-14_1759.txt,0.870700130906406
2023-12-04_1933.txt,2023-12-14_1759.txt,0.8425379499868558
2023-11-09_2457.txt,2023-12-14_1759.txt,0.8346887177050129
2023-11-07_2512.txt,2023-12-14_1759.txt,0.8375171056264991
2023-12-05_1916.txt,2023-12-06_1897.txt,0.904541484929442
2023-11-10_2430.txt,2023-12-06_1897.txt,0.8977131771378402
2023-11-21_2186.txt,2023-12-06_1897.txt,0.9027979190576296
2023-11-14_2340.txt,2023-12-06_1897.txt,0.89037278222576
2023-10-25_2857.txt,2023-12-06_1897.txt,0.8601105250983262
2023-10-20_2967.txt,2023-12-06_1897.txt,0.8540292631056058
2023-10-26_2832.txt,2023-12-06_1897.txt,0.8628290821323428
2023-11-29_2025.txt,2023-12-06_1897.txt,0.8935248077401626
2023-11-15_2313.txt,2023-12-06_1897.txt,0.8410411325512422
2023-11-28_2045.txt,2023-12-06_1897.txt,0.8689558241792108
2023-10-24_2880.txt,2023-12-06_1897.txt,0.8725698034640452
2023-12-04_1933.txt,2023-12-06_1897.txt,0.8765712578559305
2023-11-09_2457.txt,2023-12-06_1897.txt,0.8688419148989742
2023-10-13_3171.txt,2023-12-06_1897.txt,0.8305237837149072
2023-11-06_2551.txt,2023-12-06_1897.txt,0.8293671232646816
2023-10-17_3060.txt,2023-12-06_1897.txt,0.8360414519938051
2023-12-05_1916.txt,2024-03-21_295.txt,0.904210792572288
2024-01-04_1503.txt,2024-03-21_295.txt,0.8929656678960919
2024-02-19_1023.txt,2024-03-21_295.txt,0.8861002415129253
2024-01-15_1388.txt,2024-03-21_295.txt,0.8449378751215811
2023-11-10_2430.txt,2024-03-21_295.txt,0.8590367022027027
2023-11-21_2186.txt,2024-03-21_295.txt,0.8494166437589693
2023-12-06_1897.txt,2024-03-21_295.txt,0.8581130474938935
2024-01-22_1311.txt,2024-03-21_295.txt,0.8339583658741172
2023-11-14_2340.txt,2024-03-21_295.txt,0.837726189225148
2023-10-25_2857.txt,2024-03-21_295.txt,0.8711657114808632
2024-01-11_1440.txt,2024-03-21_295.txt,0.8621389851979988
2023-12-14_1759.txt,2024-03-21_295.txt,0.8301984697668771
2024-01-02_1529.txt,2024-03-21_295.txt,0.8268933495839659
2023-11-29_2025.txt,2024-03-21_295.txt,0.8406918395406476
2023-11-15_2313.txt,2024-03-21_295.txt,0.8524859697135401
2023-11-28_2045.txt,2024-03-21_295.txt,0.8461195564421665
2024-03-11_387.txt,2024-03-21_295.txt,0.8519869469689256
2024-02-22_983.txt,2024-03-21_295.txt,0.8282504736448243
2024-02-16_1063.txt,2024-03-21_295.txt,0.8601801092805194
2024-01-05_1495.txt,2024-03-21_295.txt,0.876974409077825
2024-02-28_914.txt,2024-03-21_295.txt,0.8574795455491535
2024-01-26_1270.txt,2024-03-21_295.txt,0.8265802317096035
2024-01-19_1345.txt,2024-03-21_295.txt,0.8411510311033895
2023-11-06_2551.txt,2024-03-21_295.txt,0.8345530486481693
2023-12-05_1916.txt,2024-02-28_914.txt,0.8970005395316704
2024-01-04_1503.txt,2024-02-28_914.txt,0.8770453150845492
2024-02-19_1023.txt,2024-02-28_914.txt,0.8556781066406924
2024-01-15_1388.txt,2024-02-28_914.txt,0.869970690112043
2023-11-10_2430.txt,2024-02-28_914.txt,0.8782952378912446
2023-11-21_2186.txt,2024-02-28_914.txt,0.8835409303646623
2023-12-06_1897.txt,2024-02-28_914.txt,0.892586701604531
2024-01-22_1311.txt,2024-02-28_914.txt,0.8586658930158867
2023-11-14_2340.txt,2024-02-28_914.txt,0.871380825955252
2023-10-25_2857.txt,2024-02-28_914.txt,0.8417640731328514
2024-01-11_1440.txt,2024-02-28_914.txt,0.8983720659292349
2023-12-14_1759.txt,2024-02-28_914.txt,0.876207606105548
2023-10-20_2967.txt,2024-02-28_914.txt,0.8795361452540856
2023-10-26_2832.txt,2024-02-28_914.txt,0.8951993648053685
2024-01-02_1529.txt,2024-02-28_914.txt,0.8607448669513649
2023-11-29_2025.txt,2024-02-28_914.txt,0.8919714780511198
2024-02-21_996.txt,2024-02-28_914.txt,0.8934091763642154
2023-11-28_2045.txt,2024-02-28_914.txt,0.8827199530513696
2023-10-24_2880.txt,2024-02-28_914.txt,0.8708584671417686
2024-02-22_983.txt,2024-02-28_914.txt,0.8797292604058222
2024-01-29_1232.txt,2024-02-28_914.txt,0.8360777948230389
2024-02-16_1063.txt,2024-02-28_914.txt,0.8470495465344462
2024-01-05_1495.txt,2024-02-28_914.txt,0.8665951551367381
2023-12-04_1933.txt,2024-02-28_914.txt,0.8748139569687609
2023-11-09_2457.txt,2024-02-28_914.txt,0.8671602187638404
2024-01-26_1270.txt,2024-02-28_914.txt,0.8368070211216293
2023-10-13_3171.txt,2024-02-28_914.txt,0.8662114564265332
2024-01-19_1345.txt,2024-02-28_914.txt,0.85960144072648
2023-12-15_1743.txt,2024-02-28_914.txt,0.8472478066337079
2023-10-17_3060.txt,2024-02-28_914.txt,0.8487562927651456
2023-12-05_1916.txt,2024-01-05_1495.txt,0.896300376858982
2024-01-04_1503.txt,2024-01-05_1495.txt,0.8843988879280745
2023-11-10_2430.txt,2024-01-05_1495.txt,0.8521047464411827
2023-11-21_2186.txt,2024-01-05_1495.txt,0.8425388791177919
2023-12-06_1897.txt,2024-01-05_1495.txt,0.8511648676818413
2023-11-14_2340.txt,2024-01-05_1495.txt,0.8309430827183752
2023-10-25_2857.txt,2024-01-05_1495.txt,0.8617163550571673
2023-11-29_2025.txt,2024-01-05_1495.txt,0.8505781945065715
2023-11-15_2313.txt,2024-01-05_1495.txt,0.8445833410034325
2023-11-28_2045.txt,2024-01-05_1495.txt,0.8561050683158768
2023-12-05_1916.txt,2024-01-11_1440.txt,0.8949681862247774
2024-01-04_1503.txt,2024-01-11_1440.txt,0.8859733130606937
2023-11-10_2430.txt,2024-01-11_1440.txt,0.9043622026257176
2023-11-21_2186.txt,2024-01-11_1440.txt,0.8932430735440894
2023-12-06_1897.txt,2024-01-11_1440.txt,0.9023881761954662
2023-11-14_2340.txt,2024-01-11_1440.txt,0.8809494393003481
2023-10-25_2857.txt,2024-01-11_1440.txt,0.851007465578138
2023-12-14_1759.txt,2024-01-11_1440.txt,0.8663992527174009
2023-10-20_2967.txt,2024-01-11_1440.txt,0.8972253404763229
2023-10-26_2832.txt,2024-01-11_1440.txt,0.8684215703254915
2024-01-02_1529.txt,2024-01-11_1440.txt,0.8862909534200454
2023-11-29_2025.txt,2024-01-11_1440.txt,0.8840681050603605
2023-11-15_2313.txt,2024-01-11_1440.txt,0.8298432946660371
2023-11-28_2045.txt,2024-01-11_1440.txt,0.873894787834945
2023-10-24_2880.txt,2024-01-11_1440.txt,0.8623860344579216
2024-01-05_1495.txt,2024-01-11_1440.txt,0.8566817534376744
2023-12-04_1933.txt,2024-01-11_1440.txt,0.8672939846438195
2023-11-09_2457.txt,2024-01-11_1440.txt,0.8581432693842062
2023-11-06_2551.txt,2024-01-11_1440.txt,0.8310639694031735
2023-12-15_1743.txt,2024-01-11_1440.txt,0.8450164126917981
2023-10-17_3060.txt,2024-01-11_1440.txt,0.8414603142529481
2023-11-23_2138.txt,2024-01-11_1440.txt,0.8470973342622327
2023-11-07_2512.txt,2024-01-11_1440.txt,0.8366333865652085
2023-12-05_1916.txt,2024-04-03_160.txt,0.8913814313587783
2024-01-04_1503.txt,2024-04-03_160.txt,0.8945160244686041
2024-02-19_1023.txt,2024-04-03_160.txt,0.9240576288820608
2024-01-15_1388.txt,2024-04-03_160.txt,0.8839995893520906
2023-11-10_2430.txt,2024-04-03_160.txt,0.8775055168423251
2023-11-21_2186.txt,2024-04-03_160.txt,0.8370341711084093
2023-12-06_1897.txt,2024-04-03_160.txt,0.8456038019784526
2024-01-22_1311.txt,2024-04-03_160.txt,0.8725124943219986
2023-10-25_2857.txt,2024-04-03_160.txt,0.8571470414242152
2024-01-11_1440.txt,2024-04-03_160.txt,0.866825432861706
2023-12-14_1759.txt,2024-04-03_160.txt,0.8317052456956894
2024-01-02_1529.txt,2024-04-03_160.txt,0.8827286547971125
2023-11-29_2025.txt,2024-04-03_160.txt,0.8284365537664096
2023-11-15_2313.txt,2024-04-03_160.txt,0.8542450050980193
2023-11-28_2045.txt,2024-04-03_160.txt,0.8488929665527684
2024-03-11_387.txt,2024-04-03_160.txt,0.8891068893166462
2023-10-31_2707.txt,2024-04-03_160.txt,0.8618922319113702
2024-02-22_983.txt,2024-04-03_160.txt,0.8315528376796254
2024-01-29_1232.txt,2024-04-03_160.txt,0.8358452599509724
2024-02-16_1063.txt,2024-04-03_160.txt,0.877941188173044
2024-01-05_1495.txt,2024-04-03_160.txt,0.8650370804515464
2024-03-21_295.txt,2024-04-03_160.txt,0.8717705724838326
2024-02-28_914.txt,2024-04-03_160.txt,0.8441210637617287
2023-10-12_3208.txt,2024-04-03_160.txt,0.8536996161908013
2024-01-26_1270.txt,2024-04-03_160.txt,0.844991561040272
2024-01-19_1345.txt,2024-04-03_160.txt,0.84261142770813
2023-11-06_2551.txt,2024-04-03_160.txt,0.8500780374069904
2023-10-23_2904.txt,2024-04-03_160.txt,0.8506217264704621
2023-11-02_2652.txt,2024-04-03_160.txt,0.8302496735540035
2024-02-08_1150.txt,2024-04-03_160.txt,0.8329170117595828
2023-12-05_1916.txt,2024-03-27_245.txt,0.8910579732844062
2024-01-04_1503.txt,2024-03-27_245.txt,0.8664801423286951
2024-02-19_1023.txt,2024-03-27_245.txt,0.8453703302184562
2023-12-06_1897.txt,2024-03-27_245.txt,0.8331331225979226
2023-11-14_2340.txt,2024-03-27_245.txt,0.8300347323222167
2023-10-25_2857.txt,2024-03-27_245.txt,0.8311617559592289
2024-01-11_1440.txt,2024-03-27_245.txt,0.8597930996178962
2023-12-14_1759.txt,2024-03-27_245.txt,0.8284153209766892
2023-10-20_2967.txt,2024-03-27_245.txt,0.830720300886644
2024-02-16_1063.txt,2024-03-27_245.txt,0.8414185621865016
2024-03-21_295.txt,2024-03-27_245.txt,0.8299119384191089
2024-01-26_1270.txt,2024-03-27_245.txt,0.8340965256927205
2023-12-05_1916.txt,2024-01-26_1270.txt,0.8841461477478926
2024-01-04_1503.txt,2024-01-26_1270.txt,0.8958883483066613
2024-01-15_1388.txt,2024-01-26_1270.txt,0.8279604361197855
2023-11-10_2430.txt,2024-01-26_1270.txt,0.8281723527571793
2023-12-06_1897.txt,2024-01-26_1270.txt,0.8266923380180886
2024-01-11_1440.txt,2024-01-26_1270.txt,0.8528611634357136
2023-12-14_1759.txt,2024-01-26_1270.txt,0.8508557168239375
2023-11-29_2025.txt,2024-01-26_1270.txt,0.8268421321989304
2024-01-05_1495.txt,2024-01-26_1270.txt,0.8377117677350006
2024-01-19_1345.txt,2024-01-26_1270.txt,0.827177385307318
2023-12-05_1916.txt,2024-03-11_387.txt,0.8828963934480786
2024-01-04_1503.txt,2024-03-11_387.txt,0.8893992556732931
2024-02-19_1023.txt,2024-03-11_387.txt,0.9186613682280312
2024-01-15_1388.txt,2024-03-11_387.txt,0.912114377651245
2023-11-10_2430.txt,2024-03-11_387.txt,0.9038140657307648
2023-11-21_2186.txt,2024-03-11_387.txt,0.8780464913340355
2023-12-06_1897.txt,2024-03-11_387.txt,0.8870360100146235
2024-01-22_1311.txt,2024-03-11_387.txt,0.9002619462015067
2023-11-14_2340.txt,2024-03-11_387.txt,0.8679526395990979
2023-10-25_2857.txt,2024-03-11_387.txt,0.850828940840833
2024-01-11_1440.txt,2024-03-11_387.txt,0.8766834057986174
2023-12-14_1759.txt,2024-03-11_387.txt,0.873977070152725
2023-10-20_2967.txt,2024-03-11_387.txt,0.834891513640374
2023-10-26_2832.txt,2024-03-11_387.txt,0.8408784481908836
2024-01-02_1529.txt,2024-03-11_387.txt,0.8941862874389976
2023-11-29_2025.txt,2024-03-11_387.txt,0.8690276149230765
2024-02-21_996.txt,2024-03-11_387.txt,0.8339170217114001
2023-11-15_2313.txt,2024-03-11_387.txt,0.84713254095231
2023-11-28_2045.txt,2024-03-11_387.txt,0.8751194649192899
2023-10-31_2707.txt,2024-03-11_387.txt,0.8808973762225962
2023-10-24_2880.txt,2024-03-11_387.txt,0.8637352537711015
2024-02-22_983.txt,2024-03-11_387.txt,0.8572436137825798
2024-01-29_1232.txt,2024-03-11_387.txt,0.8792345513863471
2024-02-16_1063.txt,2024-03-11_387.txt,0.8396484208006285
2024-01-05_1495.txt,2024-03-11_387.txt,0.8419700341344678
2023-12-04_1933.txt,2024-03-11_387.txt,0.8525388695712423
2024-02-28_914.txt,2024-03-11_387.txt,0.8710151574520617
2023-11-09_2457.txt,2024-03-11_387.txt,0.8445964669570112
2023-11-06_2551.txt,2024-03-11_387.txt,0.8601168079040773
2023-12-15_1743.txt,2024-03-11_387.txt,0.8509920762107338
2023-11-02_2652.txt,2024-03-11_387.txt,0.8384486135796025
2023-10-17_3060.txt,2024-03-11_387.txt,0.8270099913665308
2023-12-05_1916.txt,2024-02-22_983.txt,0.8763960172112933
2024-01-04_1503.txt,2024-02-22_983.txt,0.8725091240393477
2024-02-19_1023.txt,2024-02-22_983.txt,0.8452214304496266
2024-01-15_1388.txt,2024-02-22_983.txt,0.8501510499284862
2023-11-10_2430.txt,2024-02-22_983.txt,0.8675621726982609
2023-11-21_2186.txt,2024-02-22_983.txt,0.8572353130145743
2023-12-06_1897.txt,2024-02-22_983.txt,0.8660117649861507
2024-01-22_1311.txt,2024-02-22_983.txt,0.839103798302932
2023-11-14_2340.txt,2024-02-22_983.txt,0.8626681840212802
2024-01-11_1440.txt,2024-02-22_983.txt,0.8709339952235113
2023-12-14_1759.txt,2024-02-22_983.txt,0.8644541093661444
2023-10-20_2967.txt,2024-02-22_983.txt,0.8418099910877372
2023-10-26_2832.txt,2024-02-22_983.txt,0.8504002904327689
2024-01-02_1529.txt,2024-02-22_983.txt,0.8502262732337246
2023-11-29_2025.txt,2024-02-22_983.txt,0.8657221319639627
2024-02-21_996.txt,2024-02-22_983.txt,0.8455324242525077
2023-11-28_2045.txt,2024-02-22_983.txt,0.8893488013669879
2023-10-24_2880.txt,2024-02-22_983.txt,0.8604499011384604
2024-02-16_1063.txt,2024-02-22_983.txt,0.8366983142694625
2024-01-05_1495.txt,2024-02-22_983.txt,0.8389040954599898
2023-12-04_1933.txt,2024-02-22_983.txt,0.8323322647797777
2024-01-19_1345.txt,2024-02-22_983.txt,0.8644802718828907
2023-12-15_1743.txt,2024-02-22_983.txt,0.8295554950446963
2023-12-05_1916.txt,2024-02-16_1063.txt,0.8758419261454612
2024-01-04_1503.txt,2024-02-16_1063.txt,0.8834253355833124
2024-01-15_1388.txt,2024-02-16_1063.txt,0.8327014340354086
2023-11-10_2430.txt,2024-02-16_1063.txt,0.8658652153489141
2023-12-06_1897.txt,2024-02-16_1063.txt,0.8330987706161894
2023-10-25_2857.txt,2024-02-16_1063.txt,0.8470965904128057
2024-01-11_1440.txt,2024-02-16_1063.txt,0.8921308140454806
2023-10-20_2967.txt,2024-02-16_1063.txt,0.8283323605456964
2024-01-02_1529.txt,2024-02-16_1063.txt,0.8337013220972662
2023-11-29_2025.txt,2024-02-16_1063.txt,0.8335627474373554
2023-11-15_2313.txt,2024-02-16_1063.txt,0.8433562786919842
2023-11-28_2045.txt,2024-02-16_1063.txt,0.8544796222322825
2024-01-05_1495.txt,2024-02-16_1063.txt,0.8695838429816465
2024-01-26_1270.txt,2024-02-16_1063.txt,0.8674891762517981
2024-01-19_1345.txt,2024-02-16_1063.txt,0.8488786025566564
2023-10-23_2904.txt,2024-02-16_1063.txt,0.8338772485464045
2024-01-10_1453.txt,2024-02-16_1063.txt,0.8288275548130051
2023-12-05_1916.txt,2024-01-19_1345.txt,0.8703130353262392
2024-01-04_1503.txt,2024-01-19_1345.txt,0.8778485732914348
2023-11-10_2430.txt,2024-01-19_1345.txt,0.8313333924261587
2023-12-06_1897.txt,2024-01-19_1345.txt,0.8298477286391546
2023-10-25_2857.txt,2024-01-19_1345.txt,0.8275633724778927
2024-01-11_1440.txt,2024-01-19_1345.txt,0.8451739197817342
2023-10-26_2832.txt,2024-01-19_1345.txt,0.8307222557795738
2023-11-29_2025.txt,2024-01-19_1345.txt,0.8295701904863039
2023-11-28_2045.txt,2024-01-19_1345.txt,0.8355215210939367
2024-01-05_1495.txt,2024-01-19_1345.txt,0.8491378809422663
2024-01-12_1421.txt,2024-01-19_1345.txt,0.8267994870504443
2023-12-05_1916.txt,2024-01-15_1388.txt,0.8689972464764621
2024-01-04_1503.txt,2024-01-15_1388.txt,0.8853735527211262
2023-11-10_2430.txt,2024-01-15_1388.txt,0.8811283346732592
2023-11-21_2186.txt,2024-01-15_1388.txt,0.8709681245292096
2023-12-06_1897.txt,2024-01-15_1388.txt,0.8645162730506744
2023-11-14_2340.txt,2024-01-15_1388.txt,0.8552884019452539
2023-10-25_2857.txt,2024-01-15_1388.txt,0.8294731363012658
2024-01-11_1440.txt,2024-01-15_1388.txt,0.8694300032238064
2023-12-14_1759.txt,2024-01-15_1388.txt,0.8840936680721326
2023-10-20_2967.txt,2024-01-15_1388.txt,0.834456102875191
2023-10-26_2832.txt,2024-01-15_1388.txt,0.8342291207078931
2024-01-02_1529.txt,2024-01-15_1388.txt,0.8867880715303008
2023-11-29_2025.txt,2024-01-15_1388.txt,0.84696506832798
2023-11-28_2045.txt,2024-01-15_1388.txt,0.8678790018990844
2023-10-31_2707.txt,2024-01-15_1388.txt,0.8708100529572912
2023-10-24_2880.txt,2024-01-15_1388.txt,0.8418070676525992
2024-01-05_1495.txt,2024-01-15_1388.txt,0.8372272943182391
2023-12-04_1933.txt,2024-01-15_1388.txt,0.8308949330483381
2023-11-06_2551.txt,2024-01-15_1388.txt,0.8530004721461234
2023-12-15_1743.txt,2024-01-15_1388.txt,0.8354489420347283
2023-11-02_2652.txt,2024-01-15_1388.txt,0.8399469322236514
2023-12-05_1916.txt,2023-12-15_1743.txt,0.867429928017112
2023-11-10_2430.txt,2023-12-15_1743.txt,0.8612353859700351
2023-11-21_2186.txt,2023-12-15_1743.txt,0.8683589361158948
2023-12-06_1897.txt,2023-12-15_1743.txt,0.8596962847662595
2023-11-14_2340.txt,2023-12-15_1743.txt,0.8392718122997435
2023-12-14_1759.txt,2023-12-15_1743.txt,0.8556101934917688
2023-10-20_2967.txt,2023-12-15_1743.txt,0.8320245371624854
2023-11-29_2025.txt,2023-12-15_1743.txt,0.8422429343047025
2023-11-28_2045.txt,2023-12-15_1743.txt,0.8323756189507245
2023-10-24_2880.txt,2023-12-15_1743.txt,0.8542055955498743
2023-10-28_2783.txt,2023-12-15_1743.txt,0.8439472894764843
2023-10-16_3107.txt,2023-12-15_1743.txt,0.83723342708529
2023-12-05_1916.txt,2024-03-20_306.txt,0.8600128402878674
2024-01-04_1503.txt,2024-03-20_306.txt,0.8513394550661114
2024-02-19_1023.txt,2024-03-20_306.txt,0.8453496912724244
2023-12-05_1916.txt,2024-01-22_1311.txt,0.857705098752187
2024-01-04_1503.txt,2024-01-22_1311.txt,0.8535934712176119
2024-01-15_1388.txt,2024-01-22_1311.txt,0.8988107296861428
2023-11-10_2430.txt,2024-01-22_1311.txt,0.8696785500398571
2023-11-21_2186.txt,2024-01-22_1311.txt,0.8607813457561789
2023-12-06_1897.txt,2024-01-22_1311.txt,0.8532823531448159
2023-11-14_2340.txt,2024-01-22_1311.txt,0.8330102614343012
2024-01-11_1440.txt,2024-01-22_1311.txt,0.8581322320604016
2023-12-14_1759.txt,2024-01-22_1311.txt,0.8527781622444532
2023-10-20_2967.txt,2024-01-22_1311.txt,0.8398312233037262
2024-01-02_1529.txt,2024-01-22_1311.txt,0.8752647416872565
2023-11-29_2025.txt,2024-01-22_1311.txt,0.8359592168046982
2023-11-28_2045.txt,2024-01-22_1311.txt,0.8566013851563641
2023-10-31_2707.txt,2024-01-22_1311.txt,0.8594943487963759
2023-10-24_2880.txt,2024-01-22_1311.txt,0.8467515119712484
2023-11-06_2551.txt,2024-01-22_1311.txt,0.841916193824868
2023-12-15_1743.txt,2024-01-22_1311.txt,0.8416003330729946
2023-11-02_2652.txt,2024-01-22_1311.txt,0.8290322775711996
2023-12-05_1916.txt,2024-01-02_1529.txt,0.8574835545236444
2023-11-10_2430.txt,2024-01-02_1529.txt,0.8821452062652454
2023-11-21_2186.txt,2024-01-02_1529.txt,0.8558306960464851
2023-12-06_1897.txt,2024-01-02_1529.txt,0.8645927674236414
2023-11-14_2340.txt,2024-01-02_1529.txt,0.8440519654149475
2023-12-14_1759.txt,2024-01-02_1529.txt,0.8457993508237728
2023-10-26_2832.txt,2024-01-02_1529.txt,0.8320488106832908
2023-11-29_2025.txt,2024-01-02_1529.txt,0.8470400097302953
2023-11-28_2045.txt,2024-01-02_1529.txt,0.8531166686961181
2023-10-24_2880.txt,2024-01-02_1529.txt,0.8555477417421935
2023-12-04_1933.txt,2024-01-02_1529.txt,0.830968452528406
2023-11-06_2551.txt,2024-01-02_1529.txt,0.8377652539201794
2023-12-15_1743.txt,2024-01-02_1529.txt,0.8281962326500869
2023-11-02_2652.txt,2024-01-02_1529.txt,0.8293931235818759
2023-12-05_1916.txt,2024-01-29_1232.txt,0.8500289214031248
2024-01-04_1503.txt,2024-01-29_1232.txt,0.832454267447348
2024-01-15_1388.txt,2024-01-29_1232.txt,0.8613100108777485
2023-11-10_2430.txt,2024-01-29_1232.txt,0.8464843011263582
2023-11-21_2186.txt,2024-01-29_1232.txt,0.8369960726244423
2023-12-06_1897.txt,2024-01-29_1232.txt,0.8455653134387928
2024-01-22_1311.txt,2024-01-29_1232.txt,0.8501177546092
2023-11-14_2340.txt,2024-01-29_1232.txt,0.8274212232265888
2024-01-11_1440.txt,2024-01-29_1232.txt,0.8726231163441319
2023-12-14_1759.txt,2024-01-29_1232.txt,0.8301216696417251
2023-10-20_2967.txt,2024-01-29_1232.txt,0.8392850588291385
2024-01-02_1529.txt,2024-01-29_1232.txt,0.8495872455412751
2023-11-29_2025.txt,2024-01-29_1232.txt,0.8283988466119694
2023-10-31_2707.txt,2024-01-29_1232.txt,0.8363773791640065
2023-12-05_1916.txt,2024-01-10_1453.txt,0.8487156828119925
2024-01-04_1503.txt,2024-01-10_1453.txt,0.8560642217742837
2023-12-05_1916.txt,2024-01-12_1421.txt,0.8375360125089718
2024-01-04_1503.txt,2024-01-12_1421.txt,0.8405512463760293
2023-12-05_1916.txt,2024-03-07_824.txt,0.8342709397893391
2024-01-04_1503.txt,2024-03-07_824.txt,0.8433558141611172
2024-02-19_1023.txt,2024-03-07_824.txt,0.8344977594047065
2024-02-16_1063.txt,2024-03-07_824.txt,0.8273980812719544
2024-01-05_1495.txt,2024-03-07_824.txt,0.8271084926066572
2023-12-05_1916.txt,2024-02-21_996.txt,0.8341741777555227
2024-01-04_1503.txt,2024-02-21_996.txt,0.8283785441012955
2024-01-15_1388.txt,2024-02-21_996.txt,0.8359897267464766
2023-11-10_2430.txt,2024-02-21_996.txt,0.8420188915700327
2023-11-21_2186.txt,2024-02-21_996.txt,0.8471041520795817
2023-12-06_1897.txt,2024-02-21_996.txt,0.8410901375941209
2023-11-14_2340.txt,2024-02-21_996.txt,0.8338033071707851
2024-01-11_1440.txt,2024-02-21_996.txt,0.8465417232688234
2023-10-26_2832.txt,2024-02-21_996.txt,0.8432578941411697
2023-11-29_2025.txt,2024-02-21_996.txt,0.8570062923096361
2023-11-28_2045.txt,2024-02-21_996.txt,0.8625860891674095
2024-02-16_1063.txt,2024-02-21_996.txt,0.8290209051919806
2024-01-05_1495.txt,2024-02-21_996.txt,0.8441003709369714
2023-10-13_3171.txt,2024-02-21_996.txt,0.832473336118951
2023-11-10_2430.txt,2024-02-08_1150.txt,0.8399299350626752
2024-01-11_1440.txt,2024-02-08_1150.txt,0.8297071819606946
2024-01-04_1503.txt,2024-03-28_229.txt,0.8291555144412334
2024-01-11_1440.txt,2024-03-28_229.txt,0.8464200613159018
2023-12-15_1743.txt,2024-03-28_229.txt,0.8594934759021483
2023-10-28_2783.txt,2024-03-28_229.txt,0.8373666586945722
2024-01-11_1440.txt,2024-01-31_1219.txt,0.8455844824146277
2023-10-26_2844.txt,2023-10-27_2821.txt,0.8571924393870669
2023-10-23_2894.txt,2023-10-27_2821.txt,0.8394510645933939
2023-11-10_2430.txt,2023-12-05_1916.txt,0.8903316278815078
2023-11-21_2186.txt,2023-12-05_1916.txt,0.8953745599294006
2023-11-14_2340.txt,2023-12-05_1916.txt,0.900429601653434
2023-10-25_2857.txt,2023-12-05_1916.txt,0.9003642935588158
2023-10-20_2967.txt,2023-12-05_1916.txt,0.8811494645320037
2023-10-26_2832.txt,2023-12-05_1916.txt,0.8774194446820608
2023-11-29_2025.txt,2023-12-05_1916.txt,0.8861776978301608
2023-11-15_2313.txt,2023-12-05_1916.txt,0.8824685113637954
2023-11-28_2045.txt,2023-12-05_1916.txt,0.8793753782956929
2023-10-31_2707.txt,2023-12-05_1916.txt,0.830356337173287
2023-10-24_2880.txt,2023-12-05_1916.txt,0.8827283237409204
2023-12-04_1933.txt,2023-12-05_1916.txt,0.8693635504485613
2023-10-12_3208.txt,2023-12-05_1916.txt,0.8707823482401247
2023-11-09_2457.txt,2023-12-05_1916.txt,0.8616977628979531
2023-10-13_3171.txt,2023-12-05_1916.txt,0.8283425031531353
2023-11-06_2551.txt,2023-12-05_1916.txt,0.856925899113057
2023-10-23_2904.txt,2023-12-05_1916.txt,0.8314132689097434
2023-10-17_3060.txt,2023-12-05_1916.txt,0.8457660364605263
2023-11-23_2138.txt,2023-12-05_1916.txt,0.839961297188988
2023-10-11_3219.txt,2023-12-05_1916.txt,0.8315180840620615
2023-11-07_2512.txt,2023-12-05_1916.txt,0.8418404431917033
2023-11-03_2623.txt,2023-12-05_1916.txt,0.8269407359116163
2023-11-10_2430.txt,2023-11-21_2186.txt,0.8886154524856497
2023-11-14_2340.txt,2023-11-21_2186.txt,0.8964782434763039
2023-10-25_2857.txt,2023-11-21_2186.txt,0.8513938782593613
2023-10-20_2967.txt,2023-11-21_2186.txt,0.8619431213470757
2023-10-26_2832.txt,2023-11-21_2186.txt,0.854084884529975
2023-11-15_2313.txt,2023-11-21_2186.txt,0.8325177412944571
2023-10-24_2880.txt,2023-11-21_2186.txt,0.8799533692985176
2023-11-09_2457.txt,2023-11-21_2186.txt,0.8600367812445544
2023-10-17_3060.txt,2023-11-21_2186.txt,0.8275687291667788
2023-11-10_2430.txt,2023-11-28_2045.txt,0.885653193735518
2023-11-21_2186.txt,2023-11-28_2045.txt,0.8601495361301645
2023-11-14_2340.txt,2023-11-28_2045.txt,0.8656008765093193
2023-10-25_2857.txt,2023-11-28_2045.txt,0.8337327303808105
2023-10-20_2967.txt,2023-11-28_2045.txt,0.8446717748916904
2023-10-26_2832.txt,2023-11-28_2045.txt,0.8532912774771184
2023-11-15_2313.txt,2023-11-28_2045.txt,0.8297389202041351
2023-10-24_2880.txt,2023-11-28_2045.txt,0.8633750524401336
2023-11-09_2457.txt,2023-11-28_2045.txt,0.8269628302985801
2023-11-06_2551.txt,2023-11-28_2045.txt,0.8357723093258075
2023-10-17_3060.txt,2023-11-28_2045.txt,0.840893875617055
2023-11-23_2138.txt,2023-11-28_2045.txt,0.8513194387596948
2023-11-10_2430.txt,2023-11-29_2025.txt,0.8794880167269113
2023-11-21_2186.txt,2023-11-29_2025.txt,0.8844695294199315
2023-11-14_2340.txt,2023-11-29_2025.txt,0.8722966447746798
2023-10-25_2857.txt,2023-11-29_2025.txt,0.8426487648276081
2023-10-20_2967.txt,2023-11-29_2025.txt,0.8366909631762767
2023-10-26_2832.txt,2023-11-29_2025.txt,0.8453121303602718
2023-11-28_2045.txt,2023-11-29_2025.txt,0.8756909670279521
2023-10-24_2880.txt,2023-11-29_2025.txt,0.8548550978733709
2023-11-09_2457.txt,2023-11-29_2025.txt,0.8512028920194645
2023-10-13_3171.txt,2023-11-29_2025.txt,0.8309327338856406
2023-11-10_2430.txt,2023-11-14_2340.txt,0.8763855078269674
2023-10-25_2857.txt,2023-11-14_2340.txt,0.8396762112024505
2023-10-20_2967.txt,2023-11-14_2340.txt,0.8531607545758275
2023-10-26_2832.txt,2023-11-14_2340.txt,0.8611280234303936
2023-10-24_2880.txt,2023-11-14_2340.txt,0.8689013015472611
2023-11-09_2457.txt,2023-11-14_2340.txt,0.848200162592887
2023-11-06_2551.txt,2023-11-14_2340.txt,0.8275021537972662
2023-10-17_3060.txt,2023-11-14_2340.txt,0.8325179900998709
2023-11-07_2512.txt,2023-11-14_2340.txt,0.8306129367254823
2023-11-10_2430.txt,2023-12-04_1933.txt,0.8628007979334291
2023-11-21_2186.txt,2023-12-04_1933.txt,0.8676877924628705
2023-11-14_2340.txt,2023-12-04_1933.txt,0.8557458735449056
2023-10-25_2857.txt,2023-12-04_1933.txt,0.8266605261736393
2023-10-20_2967.txt,2023-12-04_1933.txt,0.8377344073581106
2023-10-26_2832.txt,2023-12-04_1933.txt,0.8620243554007367
2023-11-29_2025.txt,2023-12-04_1933.txt,0.8587753156854377
2023-11-28_2045.txt,2023-12-04_1933.txt,0.8351618284818889
2023-10-24_2880.txt,2023-12-04_1933.txt,0.8552042753223502
2023-11-09_2457.txt,2023-12-04_1933.txt,0.851720907066515
2023-10-13_3171.txt,2023-12-04_1933.txt,0.8316485636479972
2023-11-10_2430.txt,2023-11-15_2313.txt,0.8573293938569774
2023-10-25_2857.txt,2023-11-15_2313.txt,0.8530377197260064
2023-11-10_2430.txt,2023-11-23_2138.txt,0.8419242612774491
2023-10-09_3285.txt,2023-10-10_3233.txt,0.9009565946457828
2023-10-09_3270.txt,2023-10-10_3233.txt,0.8566829282633618
2021-05-23_4606.txt,2022-09-25_3934.txt,0.9009350592804812
2023-10-25_2857.txt,2023-11-10_2430.txt,0.8610702869553806
2023-10-20_2967.txt,2023-11-10_2430.txt,0.8564298562294985
2023-10-26_2832.txt,2023-11-10_2430.txt,0.8490140762669232
2023-10-31_2707.txt,2023-11-10_2430.txt,0.8455743699992285
2023-10-24_2880.txt,2023-11-10_2430.txt,0.8741319519328556
2023-11-09_2457.txt,2023-11-10_2430.txt,0.8547627933829577
2023-10-13_3171.txt,2023-11-10_2430.txt,0.8320106578330468
2023-11-06_2551.txt,2023-11-10_2430.txt,0.8302256992787429
2023-10-17_3060.txt,2023-11-10_2430.txt,0.8369646310775445
2023-11-07_2512.txt,2023-11-10_2430.txt,0.8364029911426524
2023-10-16_3107.txt,2023-11-10_2430.txt,0.8358257521216153
2023-10-20_2967.txt,2023-11-09_2457.txt,0.8293992472758274
2023-10-26_2832.txt,2023-11-09_2457.txt,0.8549405124508705
2023-10-24_2880.txt,2023-11-09_2457.txt,0.8531333399918936
2023-10-20_2967.txt,2023-10-26_2832.txt,0.8794750172413716
2023-10-24_2880.txt,2023-10-26_2832.txt,0.8752349782783418
2023-10-12_3208.txt,2023-10-26_2832.txt,0.8285154936364363
2023-10-13_3171.txt,2023-10-26_2832.txt,0.8557833388423406
2023-10-17_3060.txt,2023-10-26_2832.txt,0.8524543180970314
2023-10-31_2707.txt,2023-11-06_2551.txt,0.8837342646290345
2023-11-02_2652.txt,2023-11-06_2551.txt,0.8591076923082055
2023-10-31_2682.txt,2023-11-06_2551.txt,0.8384339264473359
2023-10-31_2707.txt,2023-11-07_2512.txt,0.8370049626522909
2023-11-06_2551.txt,2023-11-07_2512.txt,0.8517542905589232
2023-11-02_2652.txt,2023-11-07_2512.txt,0.8375425619395929
2023-10-31_2682.txt,2023-11-07_2512.txt,0.8279327532377425
2023-10-31_2707.txt,2023-11-02_2652.txt,0.8817583534818948
2023-10-20_2967.txt,2023-10-24_2880.txt,0.8669875271944993
2023-10-13_3171.txt,2023-10-24_2880.txt,0.8530507055263263
2023-10-17_3060.txt,2023-10-24_2880.txt,0.8319867081417284
2023-10-12_3208.txt,2023-10-13_3171.txt,0.828413498899805
2023-10-17_3060.txt,2023-10-20_2967.txt,0.8294221084252149
2023-05-11_3584.txt,2023-05-13_3567.txt,0.8678520812883712
2023-10-30_2727.txt,2024-04-08_100.txt,0.864976338267918
2024-01-14_1402.txt,2024-01-29_1234.txt,0.8630260511443313
2023-01-23_3784.txt,2023-01-31_3756.txt,0.8539668070590367
2023-04-07_3641.txt,2023-05-10_3585.txt,0.8463641470080636
2023-04-27_3616.txt,2023-05-02_3612.txt,0.8454753940127058
2023-07-28_3396.txt,2023-08-09_3385.txt,0.8405281502574226
2023-08-09_3385.txt,2023-09-06_3346.txt,0.8358929253956021
